book,character,gender,descriptor,sentiment
pride_and_prejudice,Elizabeth Bennet,female,sit,0.0
pride_and_prejudice,Elizabeth Bennet,female,enough,0.0
pride_and_prejudice,Elizabeth Bennet,female,overhear,0.0
pride_and_prejudice,Elizabeth Bennet,female,press,0.0
pride_and_prejudice,Elizabeth Bennet,female,join,0.0
pride_and_prejudice,Elizabeth Bennet,female,great,0.8
pride_and_prejudice,Elizabeth Bennet,female,“,0.0
pride_and_prejudice,Elizabeth Bennet,female,“,0.0
pride_and_prejudice,Elizabeth Bennet,female,agreeable,0.0
pride_and_prejudice,Elizabeth Bennet,female,occasion,0.0
pride_and_prejudice,Elizabeth Bennet,female,married,0.25
pride_and_prejudice,Jane Bennet,female,short,0.0
pride_and_prejudice,Jane Bennet,female,excessive,-0.25
pride_and_prejudice,Jane Bennet,female,sweet,0.35
pride_and_prejudice,Mr. Darcy,male,_mrs,0.0
pride_and_prejudice,Mr. Darcy,male,coffee-cup,0.0
pride_and_prejudice,Mr. Darcy,male,“,0.0
pride_and_prejudice,Mr. Darcy,male,nail,0.0
pride_and_prejudice,Mr. Darcy,male,half-reluctant,0.0
pride_and_prejudice,Mr. Darcy,male,outspoken,0.0
pride_and_prejudice,Mr. Darcy,male,inclined,0.0
pride_and_prejudice,Mr. Darcy,male,think,0.0
pride_and_prejudice,Mr. Darcy,male,hard,-0.2916666666666667
pride_and_prejudice,Mr. Darcy,male,like,0.0
pride_and_prejudice,Mr. Darcy,male,read,0.0
pride_and_prejudice,Mr. Darcy,male,spiteful,0.0
pride_and_prejudice,Mr. Darcy,male,old,0.1
pride_and_prejudice,Mr. Darcy,male,sure,0.5
pride_and_prejudice,Mr. Darcy,male,listen,0.0
pride_and_prejudice,Mr. Darcy,male,”,0.0
pride_and_prejudice,Mr. Darcy,male,“,0.0
pride_and_prejudice,Mr. Darcy,male,look,0.0
pride_and_prejudice,Mr. Darcy,male,round,-0.2
pride_and_prejudice,Mr. Darcy,male,“,0.0
pride_and_prejudice,Mr. Darcy,male,dear,0.0
pride_and_prejudice,Mr. Darcy,male,”,0.0
pride_and_prejudice,Mr. Darcy,male,tall,0.0
pride_and_prejudice,Mr. Darcy,male,noble,0.6
pride_and_prejudice,Mr. Darcy,male,general,0.05000000000000002
pride_and_prejudice,Mr. Darcy,male,sit,0.0
pride_and_prejudice,Mr. Darcy,male,enough,0.0
pride_and_prejudice,Mr. Darcy,male,overhear,0.0
pride_and_prejudice,Mr. Darcy,male,press,0.0
pride_and_prejudice,Mr. Darcy,male,join,0.0
pride_and_prejudice,Mr. Darcy,male,cordial,0.0
pride_and_prejudice,Mr. Darcy,male,seek,0.0
pride_and_prejudice,Mr. Darcy,male,“,0.0
pride_and_prejudice,Mr. Darcy,male,worth,0.3
pride_and_prejudice,Mr. Darcy,male,rich,0.375
pride_and_prejudice,Mr. Darcy,male,young,0.1
pride_and_prejudice,Mr. Darcy,male,care,0.0
pride_and_prejudice,Mr. Darcy,male,proud,0.8
pride_and_prejudice,Mr. Darcy,male,first,0.25
pride_and_prejudice,Mr. Darcy,male,criticise,0.0
pride_and_prejudice,Mr. Darcy,male,“,0.0
pride_and_prejudice,Mr. Darcy,male,answer,0.0
pride_and_prejudice,Mr. Darcy,male,”,0.0
pride_and_prejudice,Mr. Darcy,male,[,0.0
pride_and_prejudice,Mr. Darcy,male,“,0.0
pride_and_prejudice,Mr. Darcy,male,several,0.0
pride_and_prejudice,Mr. Darcy,male,mention,0.0
pride_and_prejudice,Mr. Darcy,male,give,0.0
pride_and_prejudice,Mr. Darcy,male,great,0.8
pride_and_prejudice,Mr. Darcy,male,lady,0.0
pride_and_prejudice,Mr. Darcy,male,energetic,0.5
pride_and_prejudice,Mr. Darcy,male,fine,0.4166666666666667
pride_and_prejudice,Mr. Darcy,male,old,0.1
pride_and_prejudice,Mr. Darcy,male,familiar,0.375
pride_and_prejudice,Mr. Darcy,male,‘,0.0
pride_and_prejudice,Mr. Darcy,male,cool,0.35
pride_and_prejudice,Mr. Darcy,male,keep,0.0
pride_and_prejudice,Mr. Darcy,male,swell,0.0
pride_and_prejudice,Mr. Darcy,male,silent,0.0
pride_and_prejudice,Mr. Darcy,male,perceive,0.0
pride_and_prejudice,Mr. Darcy,male,“,0.0
pride_and_prejudice,Mr. Darcy,male,charming,0.7
pride_and_prejudice,Mr. Darcy,male,young,0.1
pride_and_prejudice,Mr. Darcy,male,“,0.0
pride_and_prejudice,Mr. Darcy,male,join,0.0
pride_and_prejudice,Mr. Darcy,male,allow,0.0
pride_and_prejudice,Mr. Darcy,male,present,0.0
pride_and_prejudice,Mr. Darcy,male,young,0.1
pride_and_prejudice,Mr. Darcy,male,desirable,0.0
pride_and_prejudice,Mr. Darcy,male,surprised,0.1
pride_and_prejudice,Mr. Darcy,male,unwilling,0.0
pride_and_prejudice,Mr. Darcy,male,receive,0.0
pride_and_prejudice,Mr. Darcy,male,grave,0.0
pride_and_prejudice,Mr. Darcy,male,“,0.0
pride_and_prejudice,Mr. Darcy,male,great,0.8
pride_and_prejudice,Mr. Darcy,male,“,0.0
pride_and_prejudice,Mr. Darcy,male,indolent,0.0
pride_and_prejudice,Mr. Darcy,male,eat,0.0
pride_and_prejudice,Mr. Darcy,male,drink,0.0
pride_and_prejudice,Mr. Darcy,male,plain,-0.21428571428571427
pride_and_prejudice,Mr. Darcy,male,notice.,0.0
pride_and_prejudice,Mr. Darcy,male,sure,0.5
pride_and_prejudice,Mr. Darcy,male,inclined,0.0
pride_and_prejudice,Mr. Darcy,male,think,0.0
pride_and_prejudice,Mr. Darcy,male,wish,0.0
pride_and_prejudice,Mr. Darcy,male,see,0.0
pride_and_prejudice,Mr. Darcy,male,_your,0.0
pride_and_prejudice,Mr. Darcy,male,afraid,-0.6
pride_and_prejudice,Mr. Darcy,male,half,-0.16666666666666666
pride_and_prejudice,Mr. Darcy,male,fine,0.4166666666666667
pride_and_prejudice,Mr. Darcy,male,delightful,1.0
pride_and_prejudice,Mr. Darcy,male,mistook,0.0
pride_and_prejudice,Mr. Darcy,male,delicate,-0.3
pride_and_prejudice,Mr. Darcy,male,expressive,0.8
pride_and_prejudice,Mr. Darcy,male,join,0.0
pride_and_prejudice,Mr. Darcy,male,_fine,0.4166666666666667
pride_and_prejudice,Mr. Darcy,male,long,-0.05
pride_and_prejudice,Mr. Darcy,male,determine,0.0
pride_and_prejudice,Mr. Darcy,male,”,0.0
pride_and_prejudice,Mr. Darcy,male,afraid,-0.6
pride_and_prejudice,Mr. Darcy,male,think,0.0
pride_and_prejudice,Mr. Darcy,male,give,0.0
pride_and_prejudice,Mr. Darcy,male,flat,-0.025
pride_and_prejudice,Mr. Darcy,male,ride,0.0
pride_and_prejudice,Mr. Darcy,male,”,0.0
pride_and_prejudice,Mr. Darcy,male,consider,0.0
pride_and_prejudice,Mr. Darcy,male,original,0.375
pride_and_prejudice,Mr. Darcy,male,”,0.0
pride_and_prejudice,Mr. Darcy,male,yield,0.0
pride_and_prejudice,Mr. Darcy,male,you.,0.0
pride_and_prejudice,Mr. Darcy,male,yield,0.0
pride_and_prejudice,Mr. Darcy,male,either.,0.0
pride_and_prejudice,Mr. Darcy,male,allow,0.0
pride_and_prejudice,Mr. Darcy,male,perceive,0.0
pride_and_prejudice,Mr. Darcy,male,finish,0.0
pride_and_prejudice,Mr. Darcy,male,help,0.0
pride_and_prejudice,Mr. Darcy,male,italian,0.0
pride_and_prejudice,Mr. Darcy,male,lively,0.13636363636363635
pride_and_prejudice,Mr. Darcy,male,“,0.0
pride_and_prejudice,Mr. Darcy,male,feel,0.0
pride_and_prejudice,Mr. Darcy,male,great,0.8
pride_and_prejudice,Mr. Darcy,male,seize,0.0
pride_and_prejudice,Mr. Darcy,male,disengaged,0.0
pride_and_prejudice,Mr. Darcy,male,walk,0.0
pride_and_prejudice,Mr. Darcy,male,“,0.0
pride_and_prejudice,Mr. Darcy,male,wide,-0.1
pride_and_prejudice,Mr. Darcy,male,real,0.2
pride_and_prejudice,Mr. Darcy,male,incapable,0.0
pride_and_prejudice,Mr. Darcy,male,“,0.0
pride_and_prejudice,Mr. Darcy,male,“,0.0
pride_and_prejudice,Mr. Darcy,male,pray,0.0
pride_and_prejudice,Mr. Darcy,male,”,0.0
pride_and_prejudice,Mr. Darcy,male,welcome,0.8
pride_and_prejudice,Mr. Darcy,male,determine,0.0
pride_and_prejudice,Mr. Darcy,male,fix,0.0
pride_and_prejudice,Mr. Darcy,male,see,0.0
pride_and_prejudice,Mr. Darcy,male,return,0.0
pride_and_prejudice,Mr. Darcy,male,common,-0.3
pride_and_prejudice,Mr. Darcy,male,talk,0.0
pride_and_prejudice,Mr. Darcy,male,willing,0.25
pride_and_prejudice,Mr. Darcy,male,hear,0.0
pride_and_prejudice,Mr. Darcy,male,hear,0.0
pride_and_prejudice,Mr. Darcy,male,hope,0.0
pride_and_prejudice,Mr. Darcy,male,long,-0.05
pride_and_prejudice,Mr. Darcy,male,”,0.0
pride_and_prejudice,Mr. Darcy,male,“,0.0
pride_and_prejudice,Mr. Darcy,male,late,-0.3
pride_and_prejudice,Mr. Darcy,male,thousand,0.0
pride_and_prejudice,Mr. Darcy,male,“,0.0
pride_and_prejudice,Mr. Darcy,male,late,-0.3
pride_and_prejudice,Mr. Darcy,male,next,0.0
pride_and_prejudice,Mr. Darcy,male,doubt,0.0
pride_and_prejudice,Mr. Darcy,male,treat,0.0
pride_and_prejudice,Mr. Darcy,male,conditional,0.0
pride_and_prejudice,Mr. Darcy,male,assert,0.0
pride_and_prejudice,Mr. Darcy,male,short,0.0
pride_and_prejudice,Mr. Darcy,male,late,-0.3
pride_and_prejudice,Mr. Darcy,male,uncommon,0.8
pride_and_prejudice,Mr. Darcy,male,irritated,0.0
pride_and_prejudice,Mr. Darcy,male,bear,0.0
pride_and_prejudice,Mr. Darcy,male,bad,-0.6999999999999998
pride_and_prejudice,Mr. Darcy,male,ill,-0.5
pride_and_prejudice,Mr. Darcy,male,general,0.05000000000000002
pride_and_prejudice,Mr. Darcy,male,suspect,0.0
pride_and_prejudice,Mr. Darcy,male,malicious,0.0
pride_and_prejudice,Mr. Darcy,male,late,-0.3
pride_and_prejudice,Mr. Darcy,male,intimate,0.2
pride_and_prejudice,Mr. Darcy,male,confidential,0.0
pride_and_prejudice,Mr. Darcy,male,active,-0.13333333333333333
pride_and_prejudice,Mr. Darcy,male,voluntary,0.0
pride_and_prejudice,Mr. Darcy,male,convinced,0.0
pride_and_prejudice,Mr. Darcy,male,_him_,0.0
pride_and_prejudice,Mr. Darcy,male,”,0.0
pride_and_prejudice,Mr. Darcy,male,please,0.0
pride_and_prejudice,Mr. Darcy,male,present,0.0
pride_and_prejudice,Mr. Darcy,male,believe,0.0
pride_and_prejudice,Mr. Darcy,male,unworthy,0.0
pride_and_prejudice,Mr. Darcy,male,question,0.0
pride_and_prejudice,Mr. Darcy,male,young,0.1
pride_and_prejudice,Mr. Darcy,male,amiable,0.0
pride_and_prejudice,Mr. Darcy,male,consider,0.0
pride_and_prejudice,Mr. Darcy,male,disgraceful,0.0
pride_and_prejudice,Mr. Darcy,male,provide,0.0
pride_and_prejudice,Mr. Darcy,male,let,0.0
pride_and_prejudice,Mr. Darcy,male,happy,0.8
pride_and_prejudice,Mr. Darcy,male,great,0.8
pride_and_prejudice,Mr. Darcy,male,dreadful,-1.0
pride_and_prejudice,Mr. Darcy,male,absolute,0.2
pride_and_prejudice,Mr. Darcy,male,go,0.0
pride_and_prejudice,Mr. Darcy,male,significant,0.375
pride_and_prejudice,Mr. Darcy,male,imagine,0.0
pride_and_prejudice,Mr. Darcy,male,avoid,0.0
pride_and_prejudice,Mr. Darcy,male,certain,0.21428571428571427
pride_and_prejudice,Mr. Darcy,male,”,0.0
pride_and_prejudice,Mr. Darcy,male,stand,0.0
pride_and_prejudice,Mr. Darcy,male,equal,0.0
pride_and_prejudice,Mr. Darcy,male,“,0.0
pride_and_prejudice,Mr. Darcy,male,_your_,0.0
pride_and_prejudice,Mr. Darcy,male,let,0.0
pride_and_prejudice,Mr. Darcy,male,interrupt,0.0
pride_and_prejudice,Mr. Darcy,male,sir,0.0
pride_and_prejudice,Mr. Darcy,male,“,0.0
pride_and_prejudice,Mr. Darcy,male,unappeasable,0.0
pride_and_prejudice,Mr. Darcy,male,let,0.0
pride_and_prejudice,Mr. Darcy,male,recommend,0.0
pride_and_prejudice,Mr. Darcy,male,give,0.0
pride_and_prejudice,Mr. Darcy,male,implicit,0.0
pride_and_prejudice,Mr. Darcy,male,false,-0.4000000000000001
pride_and_prejudice,Mr. Darcy,male,contrary,0.0
pride_and_prejudice,Mr. Darcy,male,infamous,-0.5
pride_and_prejudice,Mr. Darcy,male,know,0.0
pride_and_prejudice,Mr. Darcy,male,blame,0.0
pride_and_prejudice,Mr. Darcy,male,bear,0.0
pride_and_prejudice,Mr. Darcy,male,hear,0.0
pride_and_prejudice,Mr. Darcy,male,avoid,0.0
pride_and_prejudice,Mr. Darcy,male,glad,0.5
pride_and_prejudice,Mr. Darcy,male,find,0.0
pride_and_prejudice,Mr. Darcy,male,“,0.0
pride_and_prejudice,Mr. Darcy,male,assure,0.0
pride_and_prejudice,Mr. Darcy,male,”,0.0
pride_and_prejudice,Mr. Darcy,male,know,0.0
pride_and_prejudice,Mr. Darcy,male,quite,0.0
pride_and_prejudice,Mr. Darcy,male,vouch,0.0
pride_and_prejudice,Mr. Darcy,male,good,0.7
pride_and_prejudice,Mr. Darcy,male,sorry,-0.5
pride_and_prejudice,Mr. Darcy,male,respectable,0.5
pride_and_prejudice,Mr. Darcy,male,young,0.1
pride_and_prejudice,Mr. Darcy,male,afraid,-0.6
pride_and_prejudice,Mr. Darcy,male,imprudent,0.0
pride_and_prejudice,Mr. Darcy,male,lose,0.0
pride_and_prejudice,Mr. Darcy,male,”,0.0
pride_and_prejudice,Mr. Darcy,male,_conditionally_,0.0
pride_and_prejudice,Mr. Darcy,male,”,0.0
pride_and_prejudice,Mr. Darcy,male,introduce,0.0
pride_and_prejudice,Mr. Darcy,male,hard,-0.2916666666666667
pride_and_prejudice,Mr. Darcy,male,dissuade,0.0
pride_and_prejudice,Mr. Darcy,male,consider,0.0
pride_and_prejudice,Mr. Darcy,male,necessary,0.0
pride_and_prejudice,Mr. Darcy,male,belong,0.0
pride_and_prejudice,Mr. Darcy,male,superior,0.7
pride_and_prejudice,Mr. Darcy,male,begin,0.0
pride_and_prejudice,Mr. Darcy,male,pardon,0.0
pride_and_prejudice,Mr. Darcy,male,profit,0.0
pride_and_prejudice,Mr. Darcy,male,subject,-0.16666666666666666
pride_and_prejudice,Mr. Darcy,male,constant,0.0
pride_and_prejudice,Mr. Darcy,male,fitted,0.0
pride_and_prejudice,Mr. Darcy,male,habitual,0.0
pride_and_prejudice,Mr. Darcy,male,decide,0.0
pride_and_prejudice,Mr. Darcy,male,right,0.2857142857142857
pride_and_prejudice,Mr. Darcy,male,young,0.1
pride_and_prejudice,Mr. Darcy,male,low,0.0
pride_and_prejudice,Mr. Darcy,male,attack,0.0
pride_and_prejudice,Mr. Darcy,male,evident,0.25
pride_and_prejudice,Mr. Darcy,male,unrestrained,0.0
pride_and_prejudice,Mr. Darcy,male,distant,-0.1
pride_and_prejudice,Mr. Darcy,male,check,0.0
pride_and_prejudice,Mr. Darcy,male,persuade,0.0
pride_and_prejudice,Mr. Darcy,male,describe,0.0
pride_and_prejudice,Mr. Darcy,male,audible,0.0
pride_and_prejudice,Mr. Darcy,male,inexpressible,0.05
pride_and_prejudice,Mr. Darcy,male,perceive,0.0
pride_and_prejudice,Mr. Darcy,male,“,0.0
pride_and_prejudice,Mr. Darcy,male,offend,0.0
pride_and_prejudice,Mr. Darcy,male,help,0.0
pride_and_prejudice,Mr. Darcy,male,loud,0.1
pride_and_prejudice,Mr. Darcy,male,bad,-0.6999999999999998
pride_and_prejudice,Mr. Darcy,male,determine,0.0
pride_and_prejudice,Mr. Darcy,male,silent,0.0
pride_and_prejudice,Mr. Darcy,male,insolent,0.0
pride_and_prejudice,Mr. Darcy,male,intolerable,0.0
pride_and_prejudice,Mr. Darcy,male,free,0.4
pride_and_prejudice,Mr. Darcy,male,short,0.0
pride_and_prejudice,Mr. Darcy,male,meet,0.0
pride_and_prejudice,Mr. Darcy,male,many,0.5
pride_and_prejudice,Mr. Darcy,male,bear,0.0
pride_and_prejudice,Mr. Darcy,male,arise,0.0
pride_and_prejudice,Mr. Darcy,male,unpleasant,-0.6499999999999999
pride_and_prejudice,Mr. Darcy,male,”,0.0
pride_and_prejudice,Mr. Darcy,male,‘,0.0
pride_and_prejudice,Mr. Darcy,male,impatient,-0.2
pride_and_prejudice,Mr. Darcy,male,see,0.0
pride_and_prejudice,Mr. Darcy,male,confess,0.0
pride_and_prejudice,Mr. Darcy,male,eager,0.0
pride_and_prejudice,Mr. Darcy,male,meet,0.0
pride_and_prejudice,Mr. Darcy,male,great,0.8
pride_and_prejudice,Mr. Darcy,male,latter,0.0
pride_and_prejudice,Mr. Darcy,male,new,0.13636363636363635
pride_and_prejudice,Mr. Darcy,male,pleased,0.5
pride_and_prejudice,Mr. Darcy,male,think,0.0
pride_and_prejudice,Mr. Darcy,male,suppose,0.0
pride_and_prejudice,Mr. Darcy,male,extenuating,0.0
pride_and_prejudice,Mr. Darcy,male,unknown,-0.1
pride_and_prejudice,Mr. Darcy,male,steady,0.16666666666666666
pride_and_prejudice,Mr. Darcy,male,impossible,-0.6666666666666666
pride_and_prejudice,Mr. Darcy,male,call,0.0
pride_and_prejudice,Mr. Darcy,male,think,0.0
pride_and_prejudice,Mr. Darcy,male,enough,0.0
pride_and_prejudice,Mr. Darcy,male,cleanse,0.0
pride_and_prejudice,Mr. Darcy,male,enter,0.0
pride_and_prejudice,Mr. Darcy,male,known,0.0
pride_and_prejudice,Mr. Darcy,male,late,-0.3
pride_and_prejudice,Mr. Darcy,male,present,0.0
pride_and_prejudice,Mr. Darcy,male,remember,0.0
pride_and_prejudice,Mr. Darcy,male,agree,0.0
pride_and_prejudice,Mr. Darcy,male,confident,0.5
pride_and_prejudice,Mr. Darcy,male,proud,0.8
pride_and_prejudice,Mr. Darcy,male,ill-natured,0.0
pride_and_prejudice,Mr. Darcy,male,abominable,0.0
pride_and_prejudice,Mr. Darcy,male,thin,-0.4
pride_and_prejudice,Mr. Darcy,male,small,-0.25
pride_and_prejudice,Mr. Darcy,male,many,0.5
pride_and_prejudice,Mr. Darcy,male,prefer,0.0
pride_and_prejudice,Mr. Darcy,male,furnish,0.0
pride_and_prejudice,Mr. Darcy,male,new,0.13636363636363635
pride_and_prejudice,Mr. Darcy,male,look,0.0
pride_and_prejudice,Mr. Darcy,male,hopeless,0.0
pride_and_prejudice,Mr. Darcy,male,angry,-0.5
pride_and_prejudice,Mr. Darcy,male,find,0.0
pride_and_prejudice,Mr. Darcy,male,require,0.0
pride_and_prejudice,Mr. Darcy,male,great,0.8
pride_and_prejudice,Mr. Darcy,male,wait,0.0
pride_and_prejudice,Mr. Darcy,male,”,0.0
pride_and_prejudice,Mr. Darcy,male,look,0.0
pride_and_prejudice,Mr. Darcy,male,usual,-0.25
pride_and_prejudice,Mr. Darcy,male,new,0.13636363636363635
pride_and_prejudice,Mr. Darcy,male,draw,0.0
pride_and_prejudice,Mr. Darcy,male,get,0.0
pride_and_prejudice,Mr. Darcy,male,affectionate,0.0
pride_and_prejudice,Mr. Darcy,male,first,0.25
pride_and_prejudice,Mr. Darcy,male,frighten,0.0
pride_and_prejudice,Mr. Darcy,male,hear,0.0
pride_and_prejudice,Mr. Darcy,male,ungenerous,0.0
pride_and_prejudice,Mr. Darcy,male,mention,0.0
pride_and_prejudice,Mr. Darcy,male,give,0.0
pride_and_prejudice,Mr. Darcy,male,leave,0.0
pride_and_prejudice,Mr. Darcy,male,impolitic,0.0
pride_and_prejudice,Mr. Darcy,male,retaliate,0.0
pride_and_prejudice,Mr. Darcy,male,come,0.0
pride_and_prejudice,Mr. Darcy,male,shock,0.0
pride_and_prejudice,Mr. Darcy,male,hear.,0.0
pride_and_prejudice,Mr. Darcy,male,afraid,-0.6
pride_and_prejudice,Mr. Darcy,male,deny,0.0
pride_and_prejudice,Mr. Darcy,male,unlikely,-0.5
pride_and_prejudice,Mr. Darcy,male,lady,0.0
pride_and_prejudice,Mr. Darcy,male,half-finished,0.0
pride_and_prejudice,Mr. Darcy,male,escape,0.0
pride_and_prejudice,Mr. Darcy,male,impertinent,0.0
pride_and_prejudice,Mr. Darcy,male,great,0.8
pride_and_prejudice,Mr. Darcy,male,necessary,0.0
pride_and_prejudice,Mr. Darcy,male,think,0.0
pride_and_prejudice,Mr. Darcy,male,curious,-0.1
pride_and_prejudice,Mr. Darcy,male,know,0.0
pride_and_prejudice,Mr. Darcy,male,hasty,0.0
pride_and_prejudice,Mr. Darcy,male,“,0.0
pride_and_prejudice,Mr. Darcy,male,difficult,-0.5
pride_and_prejudice,Mr. Darcy,male,understand,0.0
pride_and_prejudice,Mr. Darcy,male,eligible,0.0
pride_and_prejudice,Mr. Darcy,male,counterbalance,0.0
pride_and_prejudice,Mr. Darcy,male,considerable,0.1
pride_and_prejudice,Mr. Darcy,male,[,0.0
pride_and_prejudice,Mr. Darcy,male,ramble,0.0
pride_and_prejudice,Mr. Darcy,male,re-perusing,0.0
pride_and_prejudice,Mr. Darcy,male,know,0.0
pride_and_prejudice,Mr. Darcy,male,enjoy,0.4
pride_and_prejudice,Mr. Darcy,male,give,0.0
pride_and_prejudice,Mr. Darcy,male,”,0.0
pride_and_prejudice,Mr. Darcy,male,strong,0.43333333333333335
pride_and_prejudice,Mr. Darcy,male,”,0.0
pride_and_prejudice,Mr. Darcy,male,call,0.0
pride_and_prejudice,Mr. Darcy,male,officious,0.0
pride_and_prejudice,Mr. Darcy,male,”,0.0
pride_and_prejudice,Mr. Darcy,male,see,0.0
pride_and_prejudice,Mr. Darcy,male,right,0.2857142857142857
pride_and_prejudice,Mr. Darcy,male,decide,0.0
pride_and_prejudice,Mr. Darcy,male,determine,0.0
pride_and_prejudice,Mr. Darcy,male,direct,0.1
pride_and_prejudice,Mr. Darcy,male,happy,0.8
pride_and_prejudice,Mr. Darcy,male,trust,0.0
pride_and_prejudice,Mr. Darcy,male,indifferent,0.0
pride_and_prejudice,Mr. Darcy,male,exist,0.0
pride_and_prejudice,Mr. Darcy,male,boundless,-0.2
pride_and_prejudice,Mr. Darcy,male,disdain,0.0
pride_and_prejudice,Mr. Darcy,male,unwillingness,0.0
pride_and_prejudice,Mr. Darcy,male,see,0.0
pride_and_prejudice,Mr. Darcy,male,attend,0.0
pride_and_prejudice,Mr. Darcy,male,drink,0.0
pride_and_prejudice,Mr. Darcy,male,[,0.0
pride_and_prejudice,Mr. Darcy,male,exasperate,0.0
pride_and_prejudice,Mr. Darcy,male,possible,0.0
pride_and_prejudice,Mr. Darcy,male,shameful,0.0
pride_and_prejudice,Mr. Darcy,male,able,0.5
pride_and_prejudice,Mr. Darcy,male,inflict,0.0
pride_and_prejudice,Mr. Darcy,male,utter,0.0
pride_and_prejudice,Mr. Darcy,male,catch,0.0
pride_and_prejudice,Mr. Darcy,male,indifferent,0.0
pride_and_prejudice,Mr. Darcy,male,favourable,0.0
pride_and_prejudice,Mr. Darcy,male,think,0.0
pride_and_prejudice,Mr. Darcy,male,tempt,0.0
pride_and_prejudice,Mr. Darcy,male,accept,0.0
pride_and_prejudice,Mr. Darcy,male,beloved,0.7
pride_and_prejudice,Mr. Darcy,male,short,0.0
pride_and_prejudice,Mr. Darcy,male,interrupt,0.0
pride_and_prejudice,Mr. Darcy,male,think,0.0
pride_and_prejudice,Mr. Darcy,male,rejoice,0.0
pride_and_prejudice,Mr. Darcy,male,congratulate,0.0
pride_and_prejudice,Mr. Darcy,male,beneath,0.0
pride_and_prejudice,Mr. Darcy,male,”,0.0
pride_and_prejudice,Mr. Darcy,male,angry,-0.5
pride_and_prejudice,Mr. Darcy,male,gentlemanlike,0.0
pride_and_prejudice,Mr. Darcy,male,receive,0.0
pride_and_prejudice,Mr. Darcy,male,favourite,0.0
pride_and_prejudice,Mr. Darcy,male,vicious,-1.0
pride_and_prejudice,Mr. Darcy,male,careful,-0.1
pride_and_prejudice,Mr. Darcy,male,guard,0.0
pride_and_prejudice,Mr. Darcy,male,escape,0.0
pride_and_prejudice,Mr. Darcy,male,young,0.1
pride_and_prejudice,Mr. Darcy,male,unguarded,0.0
pride_and_prejudice,Mr. Darcy,male,[,0.0
pride_and_prejudice,Mr. Darcy,male,expect,0.0
pride_and_prejudice,Mr. Darcy,male,contain,0.0
pride_and_prejudice,Mr. Darcy,male,late,-0.3
pride_and_prejudice,Mr. Darcy,male,impossible,-0.6666666666666666
pride_and_prejudice,Mr. Darcy,male,represent,0.0
pride_and_prejudice,Mr. Darcy,male,render,0.0
pride_and_prejudice,Mr. Darcy,male,infamous,-0.5
pride_and_prejudice,Mr. Darcy,male,capable,0.2
pride_and_prejudice,Mr. Darcy,male,make,0.0
pride_and_prejudice,Mr. Darcy,male,recollect,0.0
pride_and_prejudice,Mr. Darcy,male,rescue,0.0
pride_and_prejudice,Mr. Darcy,male,casual,-0.5
pride_and_prejudice,Mr. Darcy,male,endeavour,0.0
pride_and_prejudice,Mr. Darcy,male,many,0.5
pride_and_prejudice,Mr. Darcy,male,’,0.0
pride_and_prejudice,Mr. Darcy,male,leave,0.0
pride_and_prejudice,Mr. Darcy,male,stand,0.0
pride_and_prejudice,Mr. Darcy,male,next,0.0
pride_and_prejudice,Mr. Darcy,male,prevent,0.0
pride_and_prejudice,Mr. Darcy,male,allow,0.0
pride_and_prejudice,Mr. Darcy,male,long,-0.05
pride_and_prejudice,Mr. Darcy,male,repulsive,0.0
pride_and_prejudice,Mr. Darcy,male,whole,0.2
pride_and_prejudice,Mr. Darcy,male,unprincipled,0.0
pride_and_prejudice,Mr. Darcy,male,unjust,0.0
pride_and_prejudice,Mr. Darcy,male,irreligious,0.0
pride_and_prejudice,Mr. Darcy,male,immoral,0.0
pride_and_prejudice,Mr. Darcy,male,prove,0.0
pride_and_prejudice,Mr. Darcy,male,capable,0.2
pride_and_prejudice,Mr. Darcy,male,amiable,0.0
pride_and_prejudice,Mr. Darcy,male,gross,0.0
pride_and_prejudice,Mr. Darcy,male,capable,0.2
pride_and_prejudice,Mr. Darcy,male,amiable,0.0
pride_and_prejudice,Mr. Darcy,male,incomprehensible,0.0
pride_and_prejudice,Mr. Darcy,male,till,0.0
pride_and_prejudice,Mr. Darcy,male,myself.,0.0
pride_and_prejudice,Mr. Darcy,male,insufficient,0.0
pride_and_prejudice,Mr. Darcy,male,take,0.0
pride_and_prejudice,Mr. Darcy,male,walk,0.0
pride_and_prejudice,Mr. Darcy,male,fair,0.7
pride_and_prejudice,Mr. Darcy,male,former,0.0
pride_and_prejudice,Mr. Darcy,male,good,0.7
pride_and_prejudice,Mr. Darcy,male,wait,0.0
pride_and_prejudice,Mr. Darcy,male,suited,0.0
pride_and_prejudice,Mr. Darcy,male,recommend,0.0
pride_and_prejudice,Mr. Darcy,male,poor,-0.4
pride_and_prejudice,Mr. Darcy,male,it.,0.0
pride_and_prejudice,Mr. Darcy,male,deficient,-0.4
pride_and_prejudice,Mr. Darcy,male,”,0.0
pride_and_prejudice,Mr. Darcy,male,“,0.0
pride_and_prejudice,Mr. Darcy,male,unfortunate,-0.5
pride_and_prejudice,Mr. Darcy,male,strong,0.43333333333333335
pride_and_prejudice,Mr. Darcy,male,undeserved,-0.3
pride_and_prejudice,Mr. Darcy,male,make,0.0
pride_and_prejudice,Mr. Darcy,male,general,0.05000000000000002
pride_and_prejudice,Mr. Darcy,male,violent,-0.8
pride_and_prejudice,Mr. Darcy,male,good,0.7
pride_and_prejudice,Mr. Darcy,male,attempt,0.0
pride_and_prejudice,Mr. Darcy,male,place,0.0
pride_and_prejudice,Mr. Darcy,male,amiable,0.0
pride_and_prejudice,Mr. Darcy,male,relate,0.0
pride_and_prejudice,Mr. Darcy,male,sister,0.0
pride_and_prejudice,Mr. Darcy,male,pardon,0.0
pride_and_prejudice,Mr. Darcy,male,spent,-0.1
pride_and_prejudice,Mr. Darcy,male,former,0.0
pride_and_prejudice,Mr. Darcy,male,“,0.0
pride_and_prejudice,Mr. Darcy,male,different,0.0
pride_and_prejudice,Mr. Darcy,male,heightened,0.0
pride_and_prejudice,Mr. Darcy,male,agitated,0.0
pride_and_prejudice,Mr. Darcy,male,silent,0.0
pride_and_prejudice,Mr. Darcy,male,know,0.0
pride_and_prejudice,Mr. Darcy,male,comprehend,0.0
pride_and_prejudice,Mr. Darcy,male,sincerely,0.5
pride_and_prejudice,Mr. Darcy,male,rejoice,0.0
pride_and_prejudice,Mr. Darcy,male,wise,0.7
pride_and_prejudice,Mr. Darcy,male,assume,0.0
pride_and_prejudice,Mr. Darcy,male,right,0.2857142857142857
pride_and_prejudice,Mr. Darcy,male,young,0.1
pride_and_prejudice,Mr. Darcy,male,”,0.0
pride_and_prejudice,Mr. Darcy,male,striking,0.5
pride_and_prejudice,Mr. Darcy,male,first,0.25
pride_and_prejudice,Mr. Darcy,male,insufficient,0.0
pride_and_prejudice,Mr. Darcy,male,assure,0.0
pride_and_prejudice,Mr. Darcy,male,slow,-0.30000000000000004
pride_and_prejudice,Mr. Darcy,male,surprised,0.1
pride_and_prejudice,Mr. Darcy,male,equal,0.0
pride_and_prejudice,Mr. Darcy,male,first,0.25
pride_and_prejudice,Mr. Darcy,male,great,0.8
pride_and_prejudice,Mr. Darcy,male,fish,0.0
pride_and_prejudice,Mr. Darcy,male,supply,0.0
pride_and_prejudice,Mr. Darcy,male,full,0.35
pride_and_prejudice,Mr. Darcy,male,leave,0.0
pride_and_prejudice,Mr. Darcy,male,new,0.13636363636363635
pride_and_prejudice,Mr. Darcy,male,[,0.0
pride_and_prejudice,Mr. Darcy,male,bring,0.0
pride_and_prejudice,Mr. Darcy,male,visit,0.0
pride_and_prejudice,Mr. Darcy,male,find,0.0
pride_and_prejudice,Mr. Darcy,male,different,0.0
pride_and_prejudice,Mr. Darcy,male,full,0.35
pride_and_prejudice,Mr. Darcy,male,knew,0.0
pride_and_prejudice,Mr. Darcy,male,love,0.5
pride_and_prejudice,Mr. Darcy,male,turn,0.0
pride_and_prejudice,Mr. Darcy,male,catch,0.0
pride_and_prejudice,Mr. Darcy,male,general,0.05000000000000002
pride_and_prejudice,Mr. Darcy,male,convinced,0.0
pride_and_prejudice,Mr. Darcy,male,temporary,0.0
pride_and_prejudice,Mr. Darcy,male,prove,0.0
pride_and_prejudice,Mr. Darcy,male,outlived,0.0
pride_and_prejudice,Mr. Darcy,male,depart,0.0
pride_and_prejudice,Mr. Darcy,male,join,0.0
pride_and_prejudice,Mr. Darcy,male,dinner,0.0
pride_and_prejudice,Mr. Darcy,male,evident,0.25
pride_and_prejudice,Mr. Darcy,male,evident,0.25
pride_and_prejudice,Mr. Darcy,male,think,0.0
pride_and_prejudice,Mr. Darcy,male,find,0.0
pride_and_prejudice,Mr. Darcy,male,drawn,0.0
pride_and_prejudice,Mr. Darcy,male,servant,0.0
pride_and_prejudice,Mr. Darcy,male,understood,0.0
pride_and_prejudice,Mr. Darcy,male,well-known,0.0
pride_and_prejudice,Mr. Darcy,male,many,0.5
pride_and_prejudice,Mr. Darcy,male,fair,0.7
pride_and_prejudice,Mr. Darcy,male,predominate,0.0
pride_and_prejudice,Mr. Darcy,male,regret,0.0
pride_and_prejudice,Mr. Darcy,male,attentive,0.4
pride_and_prejudice,Mr. Darcy,male,desperate,-0.6
pride_and_prejudice,Mr. Darcy,male,continue,0.0
pride_and_prejudice,Mr. Darcy,male,“,0.0
pride_and_prejudice,Mr. Darcy,male,ill,-0.5
pride_and_prejudice,Mr. Darcy,male,miraculous,0.0
pride_and_prejudice,Mr. Darcy,male,follow,0.0
pride_and_prejudice,Mr. Darcy,male,precious,0.5
pride_and_prejudice,Mr. Darcy,male,”,0.0
pride_and_prejudice,Mr. Darcy,male,“,0.0
pride_and_prejudice,Mr. Darcy,male,able,0.5
pride_and_prejudice,Mr. Darcy,male,keep,0.0
pride_and_prejudice,Mr. Darcy,male,settled.,0.0
pride_and_prejudice,Mr. Darcy,male,prepare,0.0
pride_and_prejudice,Mr. Darcy,male,infamous,-0.5
pride_and_prejudice,Mr. Darcy,male,make,0.0
pride_and_prejudice,Mr. Darcy,male,proper,0.0
pride_and_prejudice,Mr. Darcy,male,hope,0.0
pride_and_prejudice,Mr. Darcy,male,conceal,0.0
pride_and_prejudice,Mr. Darcy,male,unfavourable,0.0
pride_and_prejudice,Mr. Darcy,male,honourable,0.0
pride_and_prejudice,Mr. Darcy,male,connect,0.0
pride_and_prejudice,Mr. Darcy,male,”,0.0
pride_and_prejudice,Mr. Darcy,male,“,0.0
pride_and_prejudice,Mr. Darcy,male,utter,0.0
pride_and_prejudice,Mr. Darcy,male,marry,0.0
pride_and_prejudice,Mr. Darcy,male,next,0.0
pride_and_prejudice,Mr. Darcy,male,make,0.0
pride_and_prejudice,Mr. Darcy,male,quit,0.0
pride_and_prejudice,Mr. Darcy,male,next,0.0
pride_and_prejudice,Mr. Darcy,male,punctual,0.0
pride_and_prejudice,Mr. Darcy,male,unsettled,0.0
pride_and_prejudice,Mr. Darcy,male,forward,0.0
pride_and_prejudice,Mr. Darcy,male,encourage,0.0
pride_and_prejudice,Mr. Darcy,male,great,0.8
pride_and_prejudice,Mr. Darcy,male,probable,0.0
pride_and_prejudice,Mr. Darcy,male,true,0.35
pride_and_prejudice,Mr. Darcy,male,sensible,0.0
pride_and_prejudice,Mr. Darcy,male,mixed,0.0
pride_and_prejudice,Mr. Darcy,male,regret,0.0
pride_and_prejudice,Mr. Darcy,male,[,0.0
pride_and_prejudice,Mr. Darcy,male,“,0.0
pride_and_prejudice,Mr. Darcy,male,him.,0.0
pride_and_prejudice,Mr. Darcy,male,satisfy,0.0
pride_and_prejudice,Mr. Darcy,male,civil,0.0
pride_and_prejudice,Mr. Darcy,male,tell,0.0
pride_and_prejudice,Mr. Darcy,male,many,0.5
pride_and_prejudice,Mr. Darcy,male,”,0.0
pride_and_prejudice,Mr. Darcy,male,keep,0.0
pride_and_prejudice,Mr. Darcy,male,astonished,0.0
pride_and_prejudice,Mr. Darcy,male,noble,0.6
pride_and_prejudice,Mr. Darcy,male,happy,0.8
pride_and_prejudice,Mr. Darcy,male,half-laughing,0.0
pride_and_prejudice,Mr. Darcy,male,divide,0.0
pride_and_prejudice,Mr. Darcy,male,fifty,0.0
pride_and_prejudice,Mr. Darcy,male,french,0.0
pride_and_prejudice,Mr. Darcy,male,happy,0.8
pride_and_prejudice,Mr. Darcy,male,stated,0.0
pride_and_prejudice,Mr. Darcy,male,married,0.25
pride_and_prejudice,Mr. Darcy,male,_my,0.0
pride_and_prejudice,Mr. Darcy,male,make,0.0
pride_and_prejudice,Mr. Darcy,male,marry,0.0
pride_and_prejudice,Mr. Darcy,male,wished-for,0.0
pride_and_prejudice,Mr. Darcy,male,_their_,0.0
pride_and_prejudice,Mr. Darcy,male,probable,0.0
pride_and_prejudice,Mr. Darcy,male,see,0.0
pride_and_prejudice,Mr. Darcy,male,_little_,-0.1875
pride_and_prejudice,Mr. Darcy,male,_much_,0.2
pride_and_prejudice,Mr. Darcy,male,high,0.16
pride_and_prejudice,Mr. Darcy,male,“,0.0
pride_and_prejudice,Mr. Darcy,male,selfish,-0.5
pride_and_prejudice,Mr. Darcy,male,cried,0.0
pride_and_prejudice,Mr. Darcy,male,next,0.0
pride_and_prejudice,Mr. Darcy,male,“,0.0
pride_and_prejudice,Mr. Darcy,male,disagreeable,0.0
pride_and_prejudice,Mr. Darcy,male,dear,0.0
pride_and_prejudice,Mr. Darcy,male,shook,0.0
pride_and_prejudice,Mr. Darcy,male,good,0.7
pride_and_prejudice,Mr. Darcy,male,aloud,0.0
pride_and_prejudice,Mr. Darcy,male,“,0.0
pride_and_prejudice,Mr. Darcy,male,lose,0.0
pride_and_prejudice,Mr. Darcy,male,to-day,0.0
pride_and_prejudice,Mr. Darcy,male,”,0.0
pride_and_prejudice,Mr. Darcy,male,walk,0.0
pride_and_prejudice,Mr. Darcy,male,nice,0.6
pride_and_prejudice,Mr. Darcy,male,long,-0.05
pride_and_prejudice,Mr. Darcy,male,determine,0.0
pride_and_prejudice,Mr. Darcy,male,take,0.0
pride_and_prejudice,Mr. Darcy,male,enough,0.0
pride_and_prejudice,Mr. Darcy,male,overcome,0.0
pride_and_prejudice,Mr. Darcy,male,certain,0.21428571428571427
pride_and_prejudice,Mr. Darcy,male,ill,-0.5
pride_and_prejudice,Mr. Darcy,male,bear,0.0
pride_and_prejudice,Mr. Darcy,male,hear,0.0
pride_and_prejudice,Mr. Darcy,male,first,0.25
pride_and_prejudice,Mr. Darcy,male,first,0.25
pride_and_prejudice,Mr. Darcy,male,follow,0.0
pride_and_prejudice,Mr. Darcy,male,extreme,-0.125
pride_and_prejudice,Mr. Darcy,male,fear,0.0
pride_and_prejudice,Mr. Darcy,male,unhappy,-0.6
pride_and_prejudice,Mr. Darcy,male,favourite,0.0
pride_and_prejudice,Mr. Darcy,male,wretched,0.0
pride_and_prejudice,Mr. Darcy,male,awkward,-0.6
pride_and_prejudice,Mr. Darcy,male,give,0.0
pride_and_prejudice,Mr. Darcy,male,necessary,0.0
pride_and_prejudice,Mr. Darcy,male,about.,0.0
pride_and_prejudice,Mr. Darcy,male,affected,0.0
pride_and_prejudice,Mr. Darcy,male,gradual,0.0
pride_and_prejudice,Mr. Darcy,male,absolute,0.2
pride_and_prejudice,Mr. Darcy,male,many,0.5
pride_and_prejudice,Mr. Darcy,male,good,0.7
pride_and_prejudice,Mr. Darcy,male,conquer,0.0
pride_and_prejudice,Mr. Darcy,male,reconcile,0.0
pride_and_prejudice,Mr. Darcy,male,complete,0.1
pride_and_prejudice,Mr. Darcy,male,favourable,0.0
pride_and_prejudice,Mr. Darcy,male,tell,0.0
pride_and_prejudice,Mr. Darcy,male,to-morrow,0.0
pride_and_prejudice,Mr. Darcy,male,confess,0.0
pride_and_prejudice,Mr. Darcy,male,communicate,0.0
pride_and_prejudice,Mr. Darcy,male,welcome,0.8
pride_and_prejudice,Mr. Darcy,male,find,0.0
pride_and_prejudice,Mr. Darcy,male,dear,0.0
pride_and_prejudice,Mr. Darcy,male,long,-0.05
pride_and_prejudice,Mr. Darcy,male,satisfactory,0.0
pride_and_prejudice,Mr. Darcy,male,cross,0.0
pride_and_prejudice,Mr. Darcy,male,write,0.0
pride_and_prejudice,Mr. Darcy,male,different,0.0
pride_and_prejudice,Mr. Darcy,male,different,0.0
pride_and_prejudice,Mr. Darcy,male,/,0.0
pride_and_prejudice,Mr. Darcy,male,sincere,0.5
pride_and_prejudice,Mr. Darcy,male,think,0.0
pride_and_prejudice,Mr. Darcy,male,obsequious,0.0
pride_and_prejudice,Mr. Darcy,male,happy,0.8
moby_dick,Ishmael,male,call,0.0
moby_dick,Ishmael,male,anxious,-0.25
moby_dick,Ishmael,male,dreary,0.0
moby_dick,Ishmael,male,conclude,0.0
moby_dick,Ishmael,male,lodge,0.0
moby_dick,Ishmael,male,dear,0.0
moby_dick,Ishmael,male,sure,0.5
moby_dick,Ishmael,male,inquire,0.0
moby_dick,Ishmael,male,’,0.0
moby_dick,Ishmael,male,particular,0.16666666666666666
moby_dick,Ishmael,male,go,0.0
moby_dick,Ishmael,male,suppose,0.0
moby_dick,Ishmael,male,magnanimous,0.0
moby_dick,Ishmael,male,included—can,0.0
moby_dick,Ishmael,male,jealous,0.0
moby_dick,Ishmael,male,insignificant,0.0
moby_dick,Ishmael,male,black,-0.16666666666666666
moby_dick,Ishmael,male,small,-0.25
moby_dick,Ishmael,male,understand,0.0
moby_dick,Ishmael,male,black,-0.16666666666666666
moby_dick,Ishmael,male,rest,0.0
moby_dick,Ishmael,male,inasmuch,0.0
moby_dick,Ishmael,male,light,0.4
moby_dick,Ishmael,male,ship,0.0
moby_dick,Ishmael,male,present,0.0
moby_dick,Ishmael,male,young,0.1
moby_dick,Ishmael,male,thy,0.0
moby_dick,Ishmael,male,go,0.0
moby_dick,Ishmael,male,hundredth,0.0
moby_dick,Ishmael,male,old,0.1
moby_dick,Ishmael,male,ire—by,0.0
moby_dick,Ishmael,male,evil,-1.0
moby_dick,Ishmael,male,insufferable,0.0
moby_dick,Ishmael,male,be—what,0.0
moby_dick,Ishmael,male,unconscious,0.0
moby_dick,Ishmael,male,unsuspected,0.0
moby_dick,Ishmael,male,great,0.8
moby_dick,Ishmael,male,—all,0.0
moby_dick,Ishmael,male,explain,0.0
moby_dick,Ishmael,male,dive,0.0
moby_dick,Ishmael,male,go,0.0
moby_dick,Ishmael,male,thou,0.0
moby_dick,Ishmael,male,white-lead,0.0
moby_dick,Ishmael,male,white,0.0
moby_dick,Ishmael,male,craven,0.0
moby_dick,Ishmael,male,muffled,0.0
moby_dick,Ishmael,male,milky,0.0
moby_dick,Ishmael,male,bleak,-1.0
moby_dick,Ishmael,male,festooned,0.0
moby_dick,Ishmael,male,desolate,0.0
moby_dick,Ishmael,male,windrowed,0.0
moby_dick,Ishmael,male,frightened,0.0
moby_dick,Ishmael,male,read,0.0
moby_dick,Ishmael,male,subtle,-0.3333333333333333
moby_dick,Ishmael,male,unlettered,0.0
moby_dick,Ishmael,male,read,0.0
moby_dick,Ishmael,male,awful,-1.0
moby_dick,Ishmael,male,explain,0.0
moby_dick,Ishmael,male,veritable,0.0
moby_dick,Ishmael,male,ridge-pole,0.0
moby_dick,Captain Ahab,male,”,0.0
moby_dick,Captain Ahab,male,”,0.0
moby_dick,Captain Ahab,male,young,0.1
moby_dick,Captain Ahab,male,thou,0.0
moby_dick,Captain Ahab,male,thou,0.0
moby_dick,Captain Ahab,male,grand,0.5
moby_dick,Captain Ahab,male,god-like,0.0
moby_dick,Captain Ahab,male,listen,0.0
moby_dick,Captain Ahab,male,name,0.0
moby_dick,Captain Ahab,male,’,0.0
moby_dick,Captain Ahab,male,foolish,0.0
moby_dick,Captain Ahab,male,ignorant,0.0
moby_dick,Captain Ahab,male,twelvemonth,0.0
moby_dick,Captain Ahab,male,old,0.1
moby_dick,Captain Ahab,male,good,0.7
moby_dick,Captain Ahab,male,pious,0.0
moby_dick,Captain Ahab,male,good,0.7
moby_dick,Captain Ahab,male,good,0.7
moby_dick,Captain Ahab,male,good,0.7
moby_dick,Captain Ahab,male,good-bye,0.0
moby_dick,Captain Ahab,male,thee—and,0.0
moby_dick,Captain Ahab,male,wrong,-0.5
moby_dick,Captain Ahab,male,wicked,0.0
moby_dick,Captain Ahab,male,full,0.35
moby_dick,Captain Ahab,male,certain,0.21428571428571427
moby_dick,Captain Ahab,male,wild,0.1
moby_dick,Captain Ahab,male,tell,0.0
moby_dick,Captain Ahab,male,’,0.0
moby_dick,Captain Ahab,male,think,0.0
moby_dick,Captain Ahab,male,”,0.0
moby_dick,Captain Ahab,male,“,0.0
moby_dick,Captain Ahab,male,save,0.0
moby_dick,Captain Ahab,male,rig,0.0
moby_dick,Captain Ahab,male,get,0.0
moby_dick,Captain Ahab,male,of.,0.0
moby_dick,Captain Ahab,male,“,0.0
moby_dick,Captain Ahab,male,let,0.0
moby_dick,Captain Ahab,male,tell,0.0
moby_dick,Captain Ahab,male,—all,0.0
moby_dick,Captain Ahab,male,”,0.0
moby_dick,Captain Ahab,male,sure,0.5
moby_dick,Captain Ahab,male,come,0.0
moby_dick,Captain Ahab,male,ready—just,0.0
moby_dick,Captain Ahab,male,proper,0.0
moby_dick,Captain Ahab,male,’,0.0
moby_dick,Captain Ahab,male,fine,0.4166666666666667
moby_dick,Captain Ahab,male,ye—a,0.0
moby_dick,Captain Ahab,male,pleasant,0.7333333333333334
moby_dick,Captain Ahab,male,grand,0.5
moby_dick,Captain Ahab,male,marshal,0.0
moby_dick,Captain Ahab,male,descend,0.0
moby_dick,Captain Ahab,male,several,0.0
moby_dick,Captain Ahab,male,outran,0.0
moby_dick,Captain Ahab,male,white,0.0
moby_dick,Captain Ahab,male,out—which,0.0
moby_dick,Captain Ahab,male,come,0.0
moby_dick,Captain Ahab,male,pass,0.0
moby_dick,Captain Ahab,male,dead,-0.2
moby_dick,Captain Ahab,male,find,0.0
moby_dick,Captain Ahab,male,sole,0.0
moby_dick,Captain Ahab,male,’,0.0
moby_dick,Captain Ahab,male,ever-pitching,0.0
moby_dick,Captain Ahab,male,deep,0.0
moby_dick,Captain Ahab,male,common,-0.3
moby_dick,Captain Ahab,male,heavy,-0.2
moby_dick,Captain Ahab,male,lumber-like,0.0
moby_dick,Captain Ahab,male,mainmast,0.0
moby_dick,Captain Ahab,male,old,0.1
moby_dick,Captain Ahab,male,certain,0.21428571428571427
moby_dick,Captain Ahab,male,unassured,0.0
moby_dick,Captain Ahab,male,pleased,0.5
moby_dick,Captain Ahab,male,walk,0.0
moby_dick,Captain Ahab,male,’,0.0
moby_dick,Captain Ahab,male,implicit,0.0
moby_dick,Captain Ahab,male,instantaneous,0.0
moby_dick,Captain Ahab,male,remove,0.0
moby_dick,Captain Ahab,male,peculiar,0.0
moby_dick,Captain Ahab,male,unusual,0.2
moby_dick,Captain Ahab,male,white,0.0
moby_dick,Captain Ahab,male,curious,-0.1
moby_dick,Captain Ahab,male,quick,0.3333333333333333
moby_dick,Captain Ahab,male,superior,0.7
moby_dick,Captain Ahab,male,struck,0.0
moby_dick,Captain Ahab,male,dumb,-0.375
moby_dick,Captain Ahab,male,blasphemous,0.0
moby_dick,Captain Ahab,male,wild,0.1
moby_dick,Captain Ahab,male,go,0.0
moby_dick,Captain Ahab,male,large,0.21428571428571427
moby_dick,Captain Ahab,male,wrinkled,0.0
moby_dick,Captain Ahab,male,yellowish,0.0
moby_dick,Captain Ahab,male,screwed-down,0.0
moby_dick,Captain Ahab,male,think,0.0
moby_dick,Captain Ahab,male,certain,0.21428571428571427
moby_dick,Captain Ahab,male,harmless,0.0
moby_dick,Captain Ahab,male,regular,0.0
moby_dick,Captain Ahab,male,extra,0.0
moby_dick,Captain Ahab,male,generous,0.0
moby_dick,Captain Ahab,male,latter,0.0
moby_dick,Captain Ahab,male,particular,0.16666666666666666
moby_dick,Captain Ahab,male,secret,-0.4
moby_dick,Captain Ahab,male,customary,0.0
moby_dick,Captain Ahab,male,call,0.0
moby_dick,Captain Ahab,male,dead,-0.2
moby_dick,Captain Ahab,male,vague,-0.5
moby_dick,Captain Ahab,male,dead,-0.2
moby_dick,Captain Ahab,male,grand,0.5
moby_dick,Captain Ahab,male,monomaniac,0.0
moby_dick,Captain Ahab,male,suppose,0.0
moby_dick,Captain Ahab,male,kidnap,0.0
moby_dick,Captain Ahab,male,suppose,0.0
moby_dick,Captain Ahab,male,small,-0.25
moby_dick,Captain Ahab,male,”,0.0
moby_dick,Captain Ahab,male,respectful,0.5
moby_dick,Captain Ahab,male,cautious,0.0
moby_dick,Captain Ahab,male,avoid,0.0
moby_dick,Captain Ahab,male,outward,0.0
moby_dick,Captain Ahab,male,half,-0.16666666666666666
moby_dick,Captain Ahab,male,pass,0.0
moby_dick,Captain Ahab,male,enough,0.0
moby_dick,Captain Ahab,male,understand,0.0
moby_dick,Captain Ahab,male,loaded,0.0
moby_dick,Captain Ahab,male,south-sea-men,0.0
moby_dick,Captain Ahab,male,cabin,0.0
moby_dick,Captain Ahab,male,towards,0.0
moby_dick,Captain Ahab,male,matted,0.0
moby_dick,Captain Ahab,male,bristling,0.0
moby_dick,Captain Ahab,male,shark-skin,0.0
moby_dick,Captain Ahab,male,mid-day,0.0
moby_dick,Captain Ahab,male,iron-wood,0.0
moby_dick,Captain Ahab,male,small,-0.25
moby_dick,Captain Ahab,male,rusty-looking,0.0
moby_dick,Captain Ahab,male,leathern,0.0
moby_dick,Captain Ahab,male,past,-0.25
moby_dick,Captain Ahab,male,’,0.0
moby_dick,Captain Ahab,male,st,0.0
moby_dick,Captain Ahab,male,work.,0.0
moby_dick,Captain Ahab,male,old,0.1
moby_dick,Captain Ahab,male,weld,0.0
moby_dick,Captain Ahab,male,melted,0.0
moby_dick,Captain Ahab,male,’,0.0
moby_dick,Captain Ahab,male,st,0.0
moby_dick,Captain Ahab,male,“,0.0
moby_dick,Captain Ahab,male,commander—to,0.0
moby_dick,Captain Ahab,male,twenty-four,0.0
moby_dick,Captain Ahab,male,decided,0.0
moby_dick,Captain Ahab,male,apprise,0.0
moby_dick,Captain Ahab,male,’,0.0
moby_dick,Captain Ahab,male,old,0.1
moby_dick,Captain Ahab,male,run,0.0
moby_dick,Captain Ahab,male,square,0.0
jane_eyre,Jane Eyre,female,copyright,0.0
jane_eyre,Jane Eyre,female,first,0.25
jane_eyre,Jane Eyre,female,unnecessary,-0.4
jane_eyre,Jane Eyre,female,miscellaneous,0.0
jane_eyre,Jane Eyre,female,timorous,0.0
jane_eyre,Jane Eyre,female,unusual,0.2
jane_eyre,Jane Eyre,female,wrong,-0.5
jane_eyre,Jane Eyre,female,third,0.0
jane_eyre,Jane Eyre,female,explain,0.0
jane_eyre,Jane Eyre,female,novelist,0.0
jane_eyre,Jane Eyre,female,“,0.0
jane_eyre,Jane Eyre,female,loud,0.1
jane_eyre,Jane Eyre,female,”,0.0
jane_eyre,Jane Eyre,female,“,0.0
jane_eyre,Jane Eyre,female,tell,0.0
jane_eyre,Jane Eyre,female,“,0.0
jane_eyre,Jane Eyre,female,nasty,-1.0
jane_eyre,Jane Eyre,female,mad,-0.625
jane_eyre,Jane Eyre,female,harshly—,0.0
jane_eyre,Jane Eyre,female,go,0.0
jane_eyre,Jane Eyre,female,worthy,0.3333333333333333
jane_eyre,Jane Eyre,female,choose,0.0
jane_eyre,Jane Eyre,female,associate,0.0
jane_eyre,Jane Eyre,female,her.,0.0
jane_eyre,Jane Eyre,female,fit,0.4
jane_eyre,Jane Eyre,female,associate,0.0
jane_eyre,Jane Eyre,female,”,0.0
jane_eyre,Jane Eyre,female,me—,0.0
jane_eyre,Jane Eyre,female,”,0.0
jane_eyre,Jane Eyre,female,good,0.7
jane_eyre,Jane Eyre,female,impossible,-0.6666666666666666
jane_eyre,Jane Eyre,female,reply,0.0
jane_eyre,Jane Eyre,female,contrary,0.0
jane_eyre,Jane Eyre,female,silent,0.0
jane_eyre,Jane Eyre,female,approve,0.0
jane_eyre,Jane Eyre,female,“,0.0
jane_eyre,Jane Eyre,female,find,0.0
jane_eyre,Jane Eyre,female,come,0.0
jane_eyre,Jane Eyre,female,”,0.0
jane_eyre,Jane Eyre,female,whole,0.2
jane_eyre,Jane Eyre,female,happy,0.8
jane_eyre,Jane Eyre,female,able,0.5
jane_eyre,Jane Eyre,female,pronounce,0.0
jane_eyre,Jane Eyre,female,”,0.0
jane_eyre,Jane Eyre,female,general,0.05000000000000002
jane_eyre,Jane Eyre,female,fortnight,0.0
jane_eyre,Jane Eyre,female,quiet,0.0
jane_eyre,Jane Eyre,female,unvarnished,0.0
jane_eyre,Jane Eyre,female,real,0.2
jane_eyre,Jane Eyre,female,fantastic,0.4
jane_eyre,Jane Eyre,female,draw,0.0
jane_eyre,Jane Eyre,female,chalk,0.0
jane_eyre,Jane Eyre,female,harsh,-0.2
jane_eyre,Jane Eyre,female,smooth,0.4
jane_eyre,Jane Eyre,female,poor,-0.4
jane_eyre,Jane Eyre,female,believe,0.0
jane_eyre,Jane Eyre,female,quiet,0.0
jane_eyre,Jane Eyre,female,familiar,0.375
jane_eyre,Jane Eyre,female,like—why,0.0
jane_eyre,Jane Eyre,female,see,0.0
jane_eyre,Jane Eyre,female,dead,-0.2
jane_eyre,Jane Eyre,female,fit,0.4
jane_eyre,Jane Eyre,female,“,0.0
jane_eyre,Jane Eyre,female,good,0.7
jane_eyre,Jane Eyre,female,”,0.0
jane_eyre,Jane Eyre,female,“,0.0
jane_eyre,Jane Eyre,female,unnatural,0.0
jane_eyre,Jane Eyre,female,strange,-0.05
jane_eyre,Jane Eyre,female,”,0.0
jane_eyre,Jane Eyre,female,know,0.0
jane_eyre,Jane Eyre,female,expectant,0.0
jane_eyre,Jane Eyre,female,cold,-0.6
jane_eyre,Jane Eyre,female,solitary,0.0
jane_eyre,Jane Eyre,female,pale,-0.21
jane_eyre,Jane Eyre,female,desolate,0.0
jane_eyre,Jane Eyre,female,“,0.0
jane_eyre,Jane Eyre,female,“,0.0
jane_eyre,Jane Eyre,female,dear,0.0
jane_eyre,Jane Eyre,female,jane,0.0
jane_eyre,Jane Eyre,female,”,0.0
jane_eyre,Bertha Mason,female,fifteen,0.0
jane_eyre,Bertha Mason,female,white,0.0
jane_eyre,Bertha Mason,female,stout,0.0
jane_eyre,Bertha Mason,female,bear,0.0
jane_eyre,Bertha Mason,female,mad,-0.625
jane_eyre,Bertha Mason,female,mad,-0.625
jane_eyre,Bertha Mason,female,true,0.35
jane_eyre,Bertha Mason,female,infamous,-0.5
jane_eyre,Bertha Mason,female,hideous,0.0
jane_eyre,Bertha Mason,female,attend,0.0
jane_eyre,Bertha Mason,female,intemperate,0.0
jane_eyre,Mrs. Reed,female,cold,-0.6
jane_eyre,Mrs. Reed,female,sombre,0.0
jane_eyre,Mrs. Reed,female,penetrating,0.0
jane_eyre,Mrs. Reed,female,mysterious,0.0
jane_eyre,Mrs. Reed,female,undeveloped,0.0
jane_eyre,Mrs. Reed,female,imperfect,0.0
jane_eyre,Mrs. Reed,female,interesting,0.5
jane_eyre,Mrs. Reed,female,good,0.7
jane_eyre,Mrs. Reed,female,ironing-table,0.0
jane_eyre,Mrs. Reed,female,sit,0.0
jane_eyre,Mrs. Reed,female,nightcap,0.0
jane_eyre,Mrs. Reed,female,eager,0.0
jane_eyre,Mrs. Reed,female,old,0.1
jane_eyre,Mrs. Reed,female,later,0.0
jane_eyre,Mrs. Reed,female,offend,0.0
jane_eyre,Mrs. Reed,female,young,0.1
jane_eyre,Mrs. Reed,female,blind,-0.5
jane_eyre,Mrs. Reed,female,upstairs,0.0
jane_eyre,Mrs. Reed,female,“,0.0
jane_eyre,Mrs. Reed,female,rise,0.0
jane_eyre,Mrs. Reed,female,house-maid,0.0
jane_eyre,Mrs. Reed,female,wipe,0.0
jane_eyre,Mrs. Reed,female,quiet,0.0
jane_eyre,Mrs. Reed,female,review,0.0
jane_eyre,Mrs. Reed,female,certain,0.21428571428571427
jane_eyre,Mrs. Reed,female,secret,-0.4
jane_eyre,Mrs. Reed,female,deceased,0.0
jane_eyre,Mrs. Reed,female,chosen,0.0
jane_eyre,Mrs. Reed,female,dependent,0.0
jane_eyre,Mrs. Reed,female,friendless—mrs,0.0
jane_eyre,Mrs. Reed,female,prone,0.0
jane_eyre,Mrs. Reed,female,make,0.0
jane_eyre,Mrs. Reed,female,remember,0.0
jane_eyre,Mrs. Reed,female,uncle—my,0.0
jane_eyre,Mrs. Reed,female,rear,0.0
jane_eyre,Mrs. Reed,female,maintain,0.0
jane_eyre,Mrs. Reed,female,permit,0.0
jane_eyre,Mrs. Reed,female,unconnected,0.0
jane_eyre,Mrs. Reed,female,“,0.0
jane_eyre,Mrs. Reed,female,wide,-0.1
jane_eyre,Mrs. Reed,female,gown,0.0
jane_eyre,Mrs. Reed,female,frantic,0.0
jane_eyre,Mrs. Reed,female,wild,0.1
jane_eyre,Mrs. Reed,female,inexpressible,0.05
jane_eyre,Mrs. Reed,female,soothing,0.0
jane_eyre,Mrs. Reed,female,individual,0.0
jane_eyre,Mrs. Reed,female,obnoxious,0.0
jane_eyre,Mrs. Reed,female,apothecary,0.0
jane_eyre,Mrs. Reed,female,fearful,-0.9
jane_eyre,Mrs. Reed,female,mental,-0.1
jane_eyre,Mrs. Reed,female,forgive,0.0
jane_eyre,Mrs. Reed,female,uprooting,0.0
jane_eyre,Mrs. Reed,female,bad,-0.6999999999999998
jane_eyre,Mrs. Reed,female,apothecary,0.0
jane_eyre,Mrs. Reed,female,recommend,0.0
jane_eyre,Mrs. Reed,female,asleep,0.0
jane_eyre,Mrs. Reed,female,“,0.0
jane_eyre,Mrs. Reed,female,glad,0.5
jane_eyre,Mrs. Reed,female,get,0.0
jane_eyre,Mrs. Reed,female,rid,0.0
jane_eyre,Mrs. Reed,female,tiresome,-0.5
jane_eyre,Mrs. Reed,female,ill-conditioned,0.0
jane_eyre,Mrs. Reed,female,”,0.0
jane_eyre,Mrs. Reed,female,severe,0.0
jane_eyre,Mrs. Reed,female,marked,0.1
jane_eyre,Mrs. Reed,female,small,-0.25
jane_eyre,Mrs. Reed,female,sleep,0.0
jane_eyre,Mrs. Reed,female,take,0.0
jane_eyre,Mrs. Reed,female,strange,-0.05
jane_eyre,Mrs. Reed,female,audacious,0.0
jane_eyre,Mrs. Reed,female,emphatic,0.0
jane_eyre,Mrs. Reed,female,rise,0.0
jane_eyre,Mrs. Reed,female,utter,0.0
jane_eyre,Mrs. Reed,female,“,0.0
jane_eyre,Mrs. Reed,female,grey,-0.05
jane_eyre,Mrs. Reed,female,troubled,-0.5
jane_eyre,Mrs. Reed,female,know,0.0
jane_eyre,Mrs. Reed,female,wish,0.0
jane_eyre,Mrs. Reed,female,go,0.0
jane_eyre,Mrs. Reed,female,companionable,0.0
jane_eyre,Mrs. Reed,female,spend,0.0
jane_eyre,Mrs. Reed,female,formidable,0.0
jane_eyre,Mrs. Reed,female,full,0.35
jane_eyre,Mrs. Reed,female,marked,0.1
jane_eyre,Mrs. Reed,female,hard,-0.2916666666666667
jane_eyre,Mrs. Reed,female,functionary,0.0
jane_eyre,Mrs. Reed,female,buy,0.0
jane_eyre,Mrs. Reed,female,young,0.1
jane_eyre,Mrs. Reed,female,sell,0.0
jane_eyre,Mrs. Reed,female,handsome,0.5
jane_eyre,Mrs. Reed,female,nursery-door,0.0
jane_eyre,Mrs. Reed,female,awful,-1.0
jane_eyre,Mrs. Reed,female,intrude,0.0
jane_eyre,Mrs. Reed,female,usual,-0.25
jane_eyre,Mrs. Reed,female,approach,0.0
jane_eyre,Mrs. Reed,female,you.,0.0
jane_eyre,Mrs. Reed,female,inquisitive-looking,0.0
jane_eyre,Mrs. Reed,female,bushy,0.0
jane_eyre,Mrs. Reed,female,small,-0.25
jane_eyre,Mrs. Reed,female,”,0.0
jane_eyre,Mrs. Reed,female,doubtful,-0.8
jane_eyre,Mrs. Reed,female,expressive,0.8
jane_eyre,Mrs. Reed,female,arm-chair,0.0
jane_eyre,Mrs. Reed,female,opposite,0.0
jane_eyre,Mrs. Reed,female,excellent,1.0
jane_eyre,Mrs. Reed,female,disagreeable,0.0
jane_eyre,Mrs. Reed,female,propound,0.0
jane_eyre,Mrs. Reed,female,sit,0.0
jane_eyre,Mrs. Reed,female,carry,0.0
jane_eyre,Mrs. Reed,female,dread,0.0
jane_eyre,Mrs. Reed,female,dislike,0.0
jane_eyre,Mrs. Reed,female,wound,0.0
jane_eyre,Mrs. Reed,female,happy,0.8
jane_eyre,Mrs. Reed,female,please,0.0
jane_eyre,Mrs. Reed,female,approve,0.0
jane_eyre,Mrs. Reed,female,robust,0.0
jane_eyre,Mrs. Reed,female,square-shouldered,0.0
jane_eyre,Mrs. Reed,female,strong-limbed,0.0
jane_eyre,Mrs. Reed,female,tall,0.0
jane_eyre,Mrs. Reed,female,obese,0.0
jane_eyre,Mrs. Reed,female,large,0.21428571428571427
jane_eyre,Mrs. Reed,female,solid,0.0
jane_eyre,Mrs. Reed,female,low,0.0
jane_eyre,Mrs. Reed,female,chin,0.0
jane_eyre,Mrs. Reed,female,large,0.21428571428571427
jane_eyre,Mrs. Reed,female,prominent,0.5
jane_eyre,Mrs. Reed,female,regular,0.0
jane_eyre,Mrs. Reed,female,light,0.4
jane_eyre,Mrs. Reed,female,dark,-0.15
jane_eyre,Mrs. Reed,female,opaque,0.0
jane_eyre,Mrs. Reed,female,exact,0.25
jane_eyre,Mrs. Reed,female,clever,0.16666666666666666
jane_eyre,Mrs. Reed,female,scorn,0.0
jane_eyre,Mrs. Reed,female,set,0.0
jane_eyre,Mrs. Reed,female,handsome,0.5
jane_eyre,Mrs. Reed,female,nimble,0.0
jane_eyre,Mrs. Reed,female,love,0.5
jane_eyre,Mrs. Reed,female,give,0.0
jane_eyre,Mrs. Reed,female,dwell,0.0
jane_eyre,Mrs. Reed,female,“,0.0
jane_eyre,Mrs. Reed,female,frightened,0.0
jane_eyre,Mrs. Reed,female,fro,0.0
jane_eyre,Mrs. Reed,female,cry,0.0
jane_eyre,Mrs. Reed,female,drink,0.0
jane_eyre,Mrs. Reed,female,send,0.0
jane_eyre,Mrs. Reed,female,make,0.0
jane_eyre,Mrs. Reed,female,repulse,0.0
jane_eyre,Mrs. Reed,female,double,0.0
jane_eyre,Mrs. Reed,female,re-exciting,0.0
jane_eyre,Mrs. Reed,female,care,0.0
jane_eyre,Mrs. Reed,female,nursemaid,0.0
jane_eyre,Mrs. Reed,female,bask,0.0
jane_eyre,Mrs. Reed,female,youthful,0.0
jane_eyre,Mrs. Reed,female,venturesome,0.0
jane_eyre,Mrs. Reed,female,hardy,0.0
jane_eyre,Mrs. Reed,female,”,0.0
jane_eyre,Mrs. Reed,female,remain,0.0
jane_eyre,Mrs. Reed,female,silent,0.0
jane_eyre,Mrs. Reed,female,bid,0.0
jane_eyre,Mrs. Reed,female,”,0.0
jane_eyre,Mrs. Reed,female,supper,0.0
jane_eyre,Mrs. Reed,female,disturb,0.0
jane_eyre,Mrs. Reed,female,remember,0.0
jane_eyre,Mrs. Reed,female,grateful,0.0
jane_eyre,Mrs. Reed,female,”,0.0
jane_eyre,Mrs. Reed,female,afraid,-0.6
jane_eyre,Mrs. Reed,female,trust,0.0
jane_eyre,Mrs. Reed,female,”,0.0
jane_eyre,Mrs. Reed,female,love,0.5
jane_eyre,Mrs. Reed,female,bless,0.0
jane_eyre,Mrs. Reed,female,impossible,-0.6666666666666666
jane_eyre,Mrs. Reed,female,hard-hearted,0.0
jane_eyre,Mrs. Reed,female,bad,-0.6999999999999998
jane_eyre,Mrs. Reed,female,unkind,0.0
jane_eyre,Mrs. Reed,female,mine,0.0
jane_eyre,Mrs. Reed,female,perfidious,0.0
jane_eyre,Mrs. Reed,female,apprise,0.0
jane_eyre,Mrs. Reed,female,vicious,-1.0
jane_eyre,Mrs. Reed,female,invisible,0.0
jane_eyre,Mrs. Reed,female,round,-0.2
jane_eyre,Mrs. Reed,female,guard,0.0
jane_eyre,Mrs. Reed,female,recognise,0.0
jane_eyre,Mrs. Reed,female,sincere,0.5
jane_eyre,Mrs. Reed,female,ardent,0.0
jane_eyre,Mrs. Reed,female,clear,0.09999999999999999
jane_eyre,Mrs. Reed,female,flesh,0.0
jane_eyre,Mrs. Reed,female,crown,0.0
jane_eyre,Mrs. Reed,female,full,0.35
jane_eyre,Mrs. Reed,female,tell,0.0
jane_eyre,Mrs. Reed,female,”,0.0
jane_eyre,Mrs. Reed,female,see,0.0
jane_eyre,Mrs. Reed,female,frightful,0.0
jane_eyre,Mrs. Reed,female,sure,0.5
jane_eyre,Mrs. Reed,female,break,0.0
jane_eyre,Mrs. Reed,female,soften,0.0
jane_eyre,Mrs. Reed,female,wild,0.1
jane_eyre,Mrs. Reed,female,haunted,0.0
jane_eyre,Mrs. Reed,female,visit,0.0
jane_eyre,Mrs. Reed,female,easy,0.43333333333333335
jane_eyre,Mrs. Reed,female,please,0.0
jane_eyre,Mrs. Reed,female,her—he,0.0
jane_eyre,Mrs. Reed,female,turn,0.0
jane_eyre,Mrs. Reed,female,stay,0.0
jane_eyre,Mrs. Reed,female,hard,-0.2916666666666667
jane_eyre,Mrs. Reed,female,deep,0.0
jane_eyre,Mrs. Reed,female,pompous,0.0
jane_eyre,Mrs. Reed,female,dogmatical,0.0
jane_eyre,Mrs. Reed,female,intolerable,0.0
jane_eyre,Mrs. Reed,female,short,0.0
jane_eyre,Mrs. Reed,female,remember,0.0
jane_eyre,Mrs. Reed,female,still.,0.0
jane_eyre,Mrs. Reed,female,see,0.0
jane_eyre,Mrs. Reed,female,”,0.0
jane_eyre,Mrs. Reed,female,”,0.0
jane_eyre,Mrs. Reed,female,“,0.0
jane_eyre,Mrs. Reed,female,“,0.0
jane_eyre,Mrs. Reed,female,reed,0.0
jane_eyre,Mrs. Reed,female,uninvited,0.0
jane_eyre,Mrs. Reed,female,step,0.0
jane_eyre,Mrs. Reed,female,ascertain,0.0
jane_eyre,Mrs. Reed,female,receive,0.0
jane_eyre,Mrs. Reed,female,to-night,0.0
jane_eyre,Mrs. Reed,female,remember,0.0
jane_eyre,Mrs. Reed,female,familiar,0.375
jane_eyre,Mrs. Reed,female,warm,0.6
jane_eyre,Mrs. Reed,female,“,0.0
jane_eyre,Mrs. Reed,female,strange,-0.05
jane_eyre,Mrs. Reed,female,hate,-0.8
jane_eyre,Mrs. Reed,female,”,0.0
jane_eyre,Mrs. Reed,female,great,0.8
jane_eyre,Mrs. Reed,female,low,0.0
jane_eyre,Mrs. Reed,female,composed,0.0
jane_eyre,Mrs. Reed,female,well-remembered,0.0
jane_eyre,Mrs. Reed,female,spiritual,0.0
jane_eyre,Mrs. Reed,female,sublime,0.0
jane_eyre,Mrs. Reed,female,feeble,-0.5
jane_eyre,Mrs. Reed,female,couch,0.0
jane_eyre,Mrs. Reed,female,”,0.0
jane_eyre,Mrs. Reed,female,draught,0.0
jane_eyre,Mrs. Reed,female,let,0.0
jane_eyre,Mrs. Reed,female,pass,0.0
jane_eyre,Mrs. Reed,female,first,0.25
jane_eyre,Mrs. Reed,female,altered,0.0
jane_eyre,Mrs. Reed,female,feverish,-0.1
jane_eyre,Mrs. Reed,female,bright,0.7000000000000001
jane_eyre,Mrs. Reed,female,forgotten—the,0.0
jane_eyre,Mrs. Reed,female,adopt,0.0
jane_eyre,Mrs. Reed,female,make,0.0
jane_eyre,Mrs. Reed,female,orphan,0.0
jane_eyre,Mrs. Reed,female,happy,0.8
jane_eyre,Mrs. Reed,female,resided,0.0
jane_eyre,Edward Rochester,male,glorious,0.0
jane_eyre,Edward Rochester,male,bear,0.0
jane_eyre,Edward Rochester,male,leave,0.0
jane_eyre,Edward Rochester,male,intolerable,0.0
anne_of_green_gables,Anne Shirley,female,“,0.0
anne_of_green_gables,Anne Shirley,female,please,0.0
anne_of_green_gables,Anne Shirley,female,call,0.0
anne_of_green_gables,Anne Shirley,female,“,0.0
anne_of_green_gables,Anne Shirley,female,make,0.0
anne_of_green_gables,Anne Shirley,female,“,0.0
anne_of_green_gables,Anne Shirley,female,“,0.0
anne_of_green_gables,Anne Shirley,female,“,0.0
anne_of_green_gables,Anne Shirley,female,”,0.0
anne_of_green_gables,Anne Shirley,female,“,0.0
anne_of_green_gables,Anne Shirley,female,right,0.2857142857142857
anne_of_green_gables,Anne Shirley,female,hear,0.0
anne_of_green_gables,Anne Shirley,female,“,0.0
anne_of_green_gables,Anne Shirley,female,black,-0.16666666666666666
anne_of_green_gables,Anne Shirley,female,“,0.0
anne_of_green_gables,Anne Shirley,female,hear,0.0
anne_of_green_gables,Anne Shirley,female,make,0.0
anne_of_green_gables,Anne Shirley,female,oblivious,0.0
anne_of_green_gables,Anne Shirley,female,“,0.0
anne_of_green_gables,Anne Shirley,female,“,0.0
anne_of_green_gables,Anne Shirley,female,fond,0.0
anne_of_green_gables,Anne Shirley,female,indulge,0.0
anne_of_green_gables,Anne Shirley,female,“,0.0
anne_of_green_gables,Anne Shirley,female,borrow,0.0
anne_of_green_gables,Anne Shirley,female,sake,0.0
anne_of_green_gables,Anne Shirley,female,“,0.0
anne_of_green_gables,Anne Shirley,female,first,0.25
anne_of_green_gables,Anne Shirley,female,seem,0.0
anne_of_green_gables,Anne Shirley,female,certain,0.21428571428571427
anne_of_green_gables,Anne Shirley,female,canadian,0.0
anne_of_green_gables,Anne Shirley,female,include,0.0
anne_of_green_gables,Anne Shirley,female,political,0.0
anne_of_green_gables,Anne Shirley,female,sake,0.0
anne_of_green_gables,Anne Shirley,female,“,0.0
anne_of_green_gables,Anne Shirley,female,crazy,-0.6
anne_of_green_gables,Anne Shirley,female,greasy,0.0
anne_of_green_gables,Anne Shirley,female,blame,0.0
anne_of_green_gables,Anne Shirley,female,”,0.0
anne_of_green_gables,Anne Shirley,female,“,0.0
anne_of_green_gables,Anne Shirley,female,“,0.0
anne_of_green_gables,Anne Shirley,female,mean,-0.3125
anne_of_green_gables,Anne Shirley,female,tell,0.0
anne_of_green_gables,Anne Shirley,female,believe,0.0
anne_of_green_gables,Anne Shirley,female,”,0.0
anne_of_green_gables,Anne Shirley,female,“,0.0
anne_of_green_gables,Anne Shirley,female,hear,0.0
anne_of_green_gables,Anne Shirley,female,“,0.0
anne_of_green_gables,Anne Shirley,female,‘,0.0
anne_of_green_gables,Anne Shirley,female,pronounced,0.0
anne_of_green_gables,Anne Shirley,female,good,0.7
anne_of_green_gables,Anne Shirley,female,walk,0.0
anne_of_green_gables,Anne Shirley,female,excited,0.375
anne_of_green_gables,Anne Shirley,female,performers-elect,0.0
anne_of_green_gables,Anne Shirley,female,excited,0.375
anne_of_green_gables,Anne Shirley,female,undertaking,0.0
anne_of_green_gables,Anne Shirley,female,“,0.0
anne_of_green_gables,Anne Shirley,female,licked,0.0
anne_of_green_gables,Anne Shirley,female,“,0.0
anne_of_green_gables,Anne Shirley,female,“,0.0
anne_of_green_gables,Anne Shirley,female,“,0.0
anne_of_green_gables,Anne Shirley,female,“,0.0
anne_of_green_gables,Anne Shirley,female,let,0.0
anne_of_green_gables,Anne Shirley,female,“,0.0
anne_of_green_gables,Anne Shirley,female,listen,0.0
anne_of_green_gables,Anne Shirley,female,pleasant,0.7333333333333334
anne_of_green_gables,Anne Shirley,female,give,0.0
anne_of_green_gables,Anne Shirley,female,recite,0.0
anne_of_green_gables,Anne Shirley,female,’,0.0
anne_of_green_gables,Anne Shirley,female,thoughtful,0.4
anne_of_green_gables,Anne Shirley,female,’,0.0
anne_of_green_gables,Anne Shirley,female,’,0.0
anne_of_green_gables,Anne Shirley,female,doubtful,-0.8
anne_of_green_gables,Anne Shirley,female,certain,0.21428571428571427
anne_of_green_gables,Anne Shirley,female,possible,0.0
anne_of_green_gables,Anne Shirley,female,small,-0.25
anne_of_green_gables,Anne Shirley,female,critical,0.0
anne_of_green_gables,Anne Shirley,female,noised,0.0
anne_of_green_gables,Anne Shirley,female,stay,0.0
anne_of_green_gables,Anne Shirley,female,good,0.7
anne_of_green_gables,Anne Shirley,female,“,0.0
anne_of_green_gables,Anne Shirley,female,”,0.0
anne_of_green_gables,Marilla Cuthbert,female,english,0.0
anne_of_green_gables,Marilla Cuthbert,female,surprised,0.1
anne_of_green_gables,Marilla Cuthbert,female,surprised,0.1
anne_of_green_gables,Marilla Cuthbert,female,surprised,0.1
anne_of_green_gables,Marilla Cuthbert,female,sat,0.0
anne_of_green_gables,Marilla Cuthbert,female,distrustful,0.0
anne_of_green_gables,Marilla Cuthbert,female,dancing,0.0
anne_of_green_gables,Marilla Cuthbert,female,irresponsible,0.0
anne_of_green_gables,Marilla Cuthbert,female,”,0.0
anne_of_green_gables,Marilla Cuthbert,female,surprised,0.1
anne_of_green_gables,Marilla Cuthbert,female,“,0.0
anne_of_green_gables,Marilla Cuthbert,female,’,0.0
anne_of_green_gables,Marilla Cuthbert,female,“,0.0
anne_of_green_gables,Marilla Cuthbert,female,’,0.0
anne_of_green_gables,Marilla Cuthbert,female,terrible,-1.0
anne_of_green_gables,Marilla Cuthbert,female,useful,0.3
anne_of_green_gables,Marilla Cuthbert,female,go,0.0
anne_of_green_gables,Marilla Cuthbert,female,bring,0.0
anne_of_green_gables,Marilla Cuthbert,female,flesh,0.0
anne_of_green_gables,Marilla Cuthbert,female,arithmetic,0.0
anne_of_green_gables,Marilla Cuthbert,female,old,0.1
anne_of_green_gables,Marilla Cuthbert,female,orphan,0.0
anne_of_green_gables,Marilla Cuthbert,female,’,0.0
anne_of_green_gables,Marilla Cuthbert,female,live,0.13636363636363635
anne_of_green_gables,Marilla Cuthbert,female,rue,0.0
anne_of_green_gables,Marilla Cuthbert,female,patient,0.0
anne_of_green_gables,Marilla Cuthbert,female,“,0.0
anne_of_green_gables,Josie Pye,female,resentful,0.0
anne_of_green_gables,Josie Pye,female,passion-red,0.0
anne_of_green_gables,Josie Pye,female,sympathetic,0.5
anne_of_green_gables,Josie Pye,female,malicious,0.0
anne_of_green_gables,Josie Pye,female,hop,0.0
anne_of_green_gables,Josie Pye,female,right,0.2857142857142857
anne_of_green_gables,Josie Pye,female,third,0.0
anne_of_green_gables,Josie Pye,female,confess,0.0
anne_of_green_gables,Josie Pye,female,natural,0.1
anne_of_green_gables,Josie Pye,female,inborn,0.0
anne_of_green_gables,Josie Pye,female,immense,0.0
anne_of_green_gables,Josie Pye,female,horrible,-1.0
anne_of_green_gables,Josie Pye,female,early,0.1
anne_of_green_gables,Josie Pye,female,tragic,-0.75
anne_of_green_gables,Josie Pye,female,rendered,0.0
anne_of_green_gables,Josie Pye,female,unconscious.,0.0
anne_of_green_gables,Josie Pye,female,’,0.0
anne_of_green_gables,Josie Pye,female,see,0.0
anne_of_green_gables,Josie Pye,female,sulky,0.0
anne_of_green_gables,Josie Pye,female,’,0.0
anne_of_green_gables,Josie Pye,female,get,0.0
anne_of_green_gables,Josie Pye,female,bright,0.7000000000000001
anne_of_green_gables,Josie Pye,female,particular,0.16666666666666666
anne_of_green_gables,Josie Pye,female,deny,0.0
anne_of_green_gables,Josie Pye,female,“,0.0
anne_of_green_gables,Josie Pye,female,recite,0.0
anne_of_green_gables,Josie Pye,female,’,0.0
anne_of_green_gables,Josie Pye,female,uncharitable,0.0
anne_of_green_gables,Josie Pye,female,face,0.0
anne_of_green_gables,Josie Pye,female,prize,0.0
anne_of_green_gables,Josie Pye,female,knitted,0.0
anne_of_green_gables,Josie Pye,female,’,0.0
anne_of_green_gables,Josie Pye,female,tell,0.0
anne_of_green_gables,Josie Pye,female,ashamed,0.0
anne_of_green_gables,Josie Pye,female,anne,0.0
anne_of_green_gables,Josie Pye,female,earn,0.0
anne_of_green_gables,Josie Pye,female,different,0.0
anne_of_green_gables,Josie Pye,female,hustle,0.0
anne_of_green_gables,Josie Pye,female,next,0.0
anne_of_green_gables,Josie Pye,female,ask,0.0
anne_of_green_gables,Josie Pye,female,grateful,0.0
anne_of_green_gables,Josie Pye,female,ask,0.0
anne_of_green_gables,Josie Pye,female,large,0.21428571428571427
anne_of_green_gables,Josie Pye,female,next,0.0
anne_of_green_gables,Josie Pye,female,grade,0.0
anne_of_green_gables,Josie Pye,female,accept,0.0
anne_of_green_gables,Josie Pye,female,thirteen,0.0
anne_of_green_gables,Josie Pye,female,unlucky,0.0
anne_of_green_gables,Josie Pye,female,’,0.0
anne_of_green_gables,Josie Pye,female,great,0.8
anne_of_green_gables,Josie Pye,female,like,0.0
anne_of_green_gables,Josie Pye,female,come,0.0
anne_of_green_gables,Josie Pye,female,unbearable,0.0
anne_of_green_gables,Josie Pye,female,sat,0.0
anne_of_green_gables,Josie Pye,female,triumphant,0.0
anne_of_green_gables,Josie Pye,female,distinguished,0.0
anne_of_green_gables,Josie Pye,female,go,0.0
anne_of_green_gables,Josie Pye,female,satisfactory,0.0
anne_of_green_gables,Josie Pye,female,purple,0.0
anne_of_green_gables,Josie Pye,female,dreadful,-1.0
anne_of_green_gables,Josie Pye,female,get,0.0
anne_of_green_gables,Josie Pye,female,“,0.0
anne_of_green_gables,Josie Pye,female,think,0.0
anne_of_green_gables,Josie Pye,female,give,0.0
anne_of_green_gables,Josie Pye,female,like,0.0
anne_of_green_gables,Josie Pye,female,like,0.0
anne_of_green_gables,Matthew Cuthbert,male,english,0.0
anne_of_green_gables,Matthew Cuthbert,male,surprised,0.1
anne_of_green_gables,Matthew Cuthbert,male,surprised,0.1
anne_of_green_gables,Matthew Cuthbert,male,surprised,0.1
anne_of_green_gables,Matthew Cuthbert,male,meek,0.0
anne_of_green_gables,Matthew Cuthbert,male,“,0.0
anne_of_green_gables,Matthew Cuthbert,male,late,-0.3
anne_of_green_gables,Matthew Cuthbert,male,big,0.0
anne_of_green_gables,Matthew Cuthbert,male,red,0.0
anne_of_green_gables,Matthew Cuthbert,male,green,-0.2
anne_of_green_gables,Matthew Cuthbert,male,volunteer,0.0
anne_of_green_gables,Matthew Cuthbert,male,whole,0.2
anne_of_green_gables,Matthew Cuthbert,male,half-past,0.0
anne_of_green_gables,Matthew Cuthbert,male,busy,0.1
anne_of_green_gables,Matthew Cuthbert,male,white,0.0
anne_of_green_gables,Matthew Cuthbert,male,considerable,0.1
anne_of_green_gables,Matthew Cuthbert,male,’,0.0
anne_of_green_gables,Matthew Cuthbert,male,shy,-0.5
anne_of_green_gables,Matthew Cuthbert,male,silent,0.0
anne_of_green_gables,Matthew Cuthbert,male,fellow,0.0
anne_of_green_gables,Matthew Cuthbert,male,surprised,0.1
anne_of_green_gables,Matthew Cuthbert,male,ordinary,-0.25
anne_of_green_gables,Matthew Cuthbert,male,extraordinary,0.3333333333333333
anne_of_green_gables,Matthew Cuthbert,male,pointed,0.0
anne_of_green_gables,Matthew Cuthbert,male,big,0.0
anne_of_green_gables,Matthew Cuthbert,male,full,0.35
anne_of_green_gables,Matthew Cuthbert,male,sweet-lipped,0.0
anne_of_green_gables,Matthew Cuthbert,male,expressive,0.8
anne_of_green_gables,Matthew Cuthbert,male,broad,0.0625
anne_of_green_gables,Matthew Cuthbert,male,full,0.35
anne_of_green_gables,Matthew Cuthbert,male,short,0.0
anne_of_green_gables,Matthew Cuthbert,male,extraordinary,0.3333333333333333
anne_of_green_gables,Matthew Cuthbert,male,stray,0.0
anne_of_green_gables,Matthew Cuthbert,male,shy,-0.5
anne_of_green_gables,Matthew Cuthbert,male,afraid,-0.6
anne_of_green_gables,Matthew Cuthbert,male,“,0.0
anne_of_green_gables,Matthew Cuthbert,male,”,0.0
anne_of_green_gables,Matthew Cuthbert,male,“,0.0
anne_of_green_gables,Matthew Cuthbert,male,’,0.0
anne_of_green_gables,Matthew Cuthbert,male,keep,0.0
anne_of_green_gables,Matthew Cuthbert,male,“,0.0
anne_of_green_gables,Matthew Cuthbert,male,“,0.0
anne_of_green_gables,Matthew Cuthbert,male,“,0.0
anne_of_green_gables,Matthew Cuthbert,male,willing,0.25
anne_of_green_gables,Matthew Cuthbert,male,keep,0.0
anne_of_green_gables,Matthew Cuthbert,male,’,0.0
anne_of_green_gables,Matthew Cuthbert,male,look,0.0
anne_of_green_gables,Matthew Cuthbert,male,”,0.0
anne_of_green_gables,Matthew Cuthbert,male,rough,-0.1
anne_of_green_gables,Matthew Cuthbert,male,let,0.0
anne_of_green_gables,Matthew Cuthbert,male,go,0.0
anne_of_green_gables,Matthew Cuthbert,male,“,0.0
anne_of_green_gables,Matthew Cuthbert,male,take,0.0
anne_of_green_gables,Matthew Cuthbert,male,buy,0.0
anne_of_green_gables,Matthew Cuthbert,male,hayseed.,0.0
anne_of_green_gables,Matthew Cuthbert,male,”,0.0
anne_of_green_gables,Matthew Cuthbert,male,rub,0.0
anne_of_green_gables,Matthew Cuthbert,male,first,0.25
anne_of_green_gables,Matthew Cuthbert,male,quiet,0.0
anne_of_green_gables,Matthew Cuthbert,male,central,0.0
anne_of_green_gables,Matthew Cuthbert,male,white,0.0
anne_of_green_gables,Matthew Cuthbert,male,long,-0.05
anne_of_green_gables,Matthew Cuthbert,male,gray,0.0
anne_of_green_gables,Matthew Cuthbert,male,pleasant,0.7333333333333334
anne_of_green_gables,Matthew Cuthbert,male,usual,-0.25
anne_of_green_gables,Matthew Cuthbert,male,old,0.1
anne_of_green_gables,Matthew Cuthbert,male,“,0.0
anne_of_green_gables,Matthew Cuthbert,male,familiar,0.375
anne_of_green_gables,Gilbert Blythe,male,good,0.7
anne_of_green_gables,Gilbert Blythe,male,long,-0.05
anne_of_green_gables,Gilbert Blythe,male,yellow,0.0
anne_of_green_gables,Gilbert Blythe,male,make,0.0
anne_of_green_gables,Gilbert Blythe,male,oblivious,0.0
anne_of_green_gables,Gilbert Blythe,male,make,0.0
anne_of_green_gables,Gilbert Blythe,male,girl,0.0
anne_of_green_gables,Gilbert Blythe,male,intercept,0.0
anne_of_green_gables,Gilbert Blythe,male,forgive,0.0
anne_of_green_gables,Gilbert Blythe,male,bad,-0.6999999999999998
anne_of_green_gables,Gilbert Blythe,male,guilty,-0.5
anne_of_green_gables,Gilbert Blythe,male,sit,0.0
anne_of_green_gables,Gilbert Blythe,male,degree,0.0
anne_of_green_gables,Gilbert Blythe,male,unbearable,0.0
anne_of_green_gables,Gilbert Blythe,male,chilly,-0.6
anne_of_green_gables,Gilbert Blythe,male,purple,0.0
anne_of_green_gables,Gilbert Blythe,male,evident,0.25
anne_of_green_gables,Gilbert Blythe,male,appease,0.0
anne_of_green_gables,Gilbert Blythe,male,hate,-0.8
anne_of_green_gables,Gilbert Blythe,male,_awful,-1.0
anne_of_green_gables,Gilbert Blythe,male,lay,0.0
anne_of_green_gables,Gilbert Blythe,male,new,0.13636363636363635
anne_of_green_gables,Gilbert Blythe,male,red,0.0
anne_of_green_gables,Gilbert Blythe,male,blue,0.0
anne_of_green_gables,Gilbert Blythe,male,grown-up,0.0
anne_of_green_gables,Gilbert Blythe,male,grown-up,0.0
anne_of_green_gables,Gilbert Blythe,male,hear,0.0
anne_of_green_gables,Gilbert Blythe,male,clear,0.09999999999999999
anne_of_green_gables,Gilbert Blythe,male,mental,-0.1
anne_of_green_gables,Gilbert Blythe,male,arithmetic,0.0
anne_of_green_gables,Gilbert Blythe,male,endure,0.0
anne_of_green_gables,Gilbert Blythe,male,furious,0.0
anne_of_green_gables,Gilbert Blythe,male,full,0.35
anne_of_green_gables,Gilbert Blythe,male,wet,-0.1
anne_of_green_gables,Gilbert Blythe,male,anne,0.0
anne_of_green_gables,Gilbert Blythe,male,“,0.0
anne_of_green_gables,Gilbert Blythe,male,”,0.0
anne_of_green_gables,Gilbert Blythe,male,’,0.0
anne_of_green_gables,Gilbert Blythe,male,happen,0.0
anne_of_green_gables,Gilbert Blythe,male,know,0.0
anne_of_green_gables,Gilbert Blythe,male,bad,-0.6999999999999998
anne_of_green_gables,Gilbert Blythe,male,top,0.5
anne_of_green_gables,Gilbert Blythe,male,appear,0.0
anne_of_green_gables,Gilbert Blythe,male,useless,-0.5
anne_of_green_gables,Gilbert Blythe,male,ask,0.0
anne_of_green_gables,Gilbert Blythe,male,pass,0.0
anne_of_green_gables,Gilbert Blythe,male,incomplete,0.0
anne_of_green_gables,Gilbert Blythe,male,bitter,-0.1
anne_of_green_gables,Gilbert Blythe,male,dilated,0.0
anne_of_green_gables,Gilbert Blythe,male,frightened,0.0
anne_of_green_gables,Gilbert Blythe,male,triumphant,0.0
anne_of_green_gables,Gilbert Blythe,male,not_,0.0
anne_of_green_gables,Gilbert Blythe,male,able,0.5
anne_of_green_gables,Gilbert Blythe,male,laugh,0.3
anne_of_green_gables,Gilbert Blythe,male,’,0.0
anne_of_green_gables,Gilbert Blythe,male,thoughtful,0.4
anne_of_green_gables,Gilbert Blythe,male,’,0.0
anne_of_green_gables,Gilbert Blythe,male,’,0.0
anne_of_green_gables,Gilbert Blythe,male,doubtful,-0.8
anne_of_green_gables,Gilbert Blythe,male,certain,0.21428571428571427
anne_of_green_gables,Gilbert Blythe,male,possible,0.0
anne_of_green_gables,Gilbert Blythe,male,sure,0.5
anne_of_green_gables,Gilbert Blythe,male,get,0.0
anne_of_green_gables,Gilbert Blythe,male,win,0.8
anne_of_green_gables,Gilbert Blythe,male,make,0.0
anne_of_green_gables,Gilbert Blythe,male,feel,0.0
anne_of_green_gables,Gilbert Blythe,male,green,-0.2
anne_of_green_gables,Gilbert Blythe,male,great,0.8
anne_of_green_gables,Gilbert Blythe,male,hall,0.0
anne_of_green_gables,Gilbert Blythe,male,full,0.35
anne_of_green_gables,Gilbert Blythe,male,teach,0.0
anne_of_green_gables,Gilbert Blythe,male,teach,0.0
anne_of_green_gables,Gilbert Blythe,male,”,0.0
anne_of_green_gables,Gilbert Blythe,male,“,0.0
anne_of_green_gables,Gilbert Blythe,male,’,0.0
anne_of_green_gables,Gilbert Blythe,male,get,0.0
anne_of_green_gables,Gilbert Blythe,male,find,0.0
anne_of_green_gables,Gilbert Blythe,male,’,0.0
anne_of_green_gables,Gilbert Blythe,male,gilbert,0.0
anne_of_green_gables,Gilbert Blythe,male,good,0.7
anne_of_green_gables,Gilbert Blythe,male,dry,-0.06666666666666665
the_scarlet_pimpernel,Marguerite St. Just,female,quick,0.3333333333333333
the_scarlet_pimpernel,Marguerite St. Just,female,apprehensive,0.0
the_scarlet_pimpernel,Marguerite St. Just,female,”,0.0
the_scarlet_pimpernel,Marguerite St. Just,female,“,0.0
the_scarlet_pimpernel,Marguerite St. Just,female,noted,0.0
the_scarlet_pimpernel,Marguerite St. Just,female,quiet,0.0
the_scarlet_pimpernel,Marguerite St. Just,female,beautiful,0.85
the_scarlet_pimpernel,Marguerite St. Just,female,meet,0.0
the_scarlet_pimpernel,Marguerite St. Just,female,artistic,0.3333333333333333
the_scarlet_pimpernel,Marguerite St. Just,female,parisian,0.0
the_scarlet_pimpernel,Marguerite St. Just,female,social,0.03333333333333333
the_scarlet_pimpernel,Marguerite St. Just,female,eighteen,0.0
the_scarlet_pimpernel,Marguerite St. Just,female,young,0.1
the_scarlet_pimpernel,Marguerite St. Just,female,devoted,0.0
the_scarlet_pimpernel,Marguerite St. Just,female,charming,0.7
the_scarlet_pimpernel,Marguerite St. Just,female,brilliant,0.9
the_scarlet_pimpernel,Marguerite St. Just,female,exclusive—exclusive,0.0
the_scarlet_pimpernel,Marguerite St. Just,female,mere,-0.5
the_scarlet_pimpernel,Marguerite St. Just,female,untoward,0.0
the_scarlet_pimpernel,Marguerite St. Just,female,fashionable,0.0
the_scarlet_pimpernel,Marguerite St. Just,female,french,0.0
the_scarlet_pimpernel,Marguerite St. Just,female,scorn,0.0
the_scarlet_pimpernel,Marguerite St. Just,female,worldly,0.0
the_scarlet_pimpernel,Marguerite St. Just,female,endow,0.0
the_scarlet_pimpernel,Marguerite St. Just,female,cosmopolitan,0.0
the_scarlet_pimpernel,Marguerite St. Just,female,well-born,0.0
the_scarlet_pimpernel,Marguerite St. Just,female,wealthy,0.5
the_scarlet_pimpernel,Marguerite St. Just,female,happy,0.8
the_scarlet_pimpernel,Marguerite St. Just,female,give,0.0
the_scarlet_pimpernel,Marguerite St. Just,female,starchy,0.0
the_scarlet_pimpernel,Marguerite St. Just,female,happy,0.8
the_scarlet_pimpernel,Marguerite St. Just,female,see,0.0
the_scarlet_pimpernel,Marguerite St. Just,female,happy,0.8
the_scarlet_pimpernel,Marguerite St. Just,female,intellectual,0.3
the_scarlet_pimpernel,Marguerite St. Just,female,early,0.1
